ISO3,Region,block_end_year,delta10_ln_WApop,delta10_ln_GDP,contraction_regime
ABW,Latin America & Caribbean,2000,0.3255596085542898,0.4936821383022938,0
ABW,Latin America & Caribbean,2010,0.11297626987253473,0.017016617194855144,0
ABW,Latin America & Caribbean,2020,0.051403958962469076,-0.04804966428073243,0
AFG,South Asia,2010,0.38080443560248156,0.9058111224739918,0
AFG,South Asia,2020,0.4395938605544316,0.29494046781531935,0
AGO,Sub-Saharan Africa,1990,0.33455749863357553,0.18220850538329714,0
AGO,Sub-Saharan Africa,2000,0.34585714115181254,0.12331223314615158,0
AGO,Sub-Saharan Africa,2010,0.3590513882199957,0.8520254160337188,0
AGO,Sub-Saharan Africa,2020,0.37707150071599216,0.14977970124621365,0
ALB,Europe & Central Asia,1990,0.2576482488754639,0.12676523111708704,0
ALB,Europe & Central Asia,2000,-0.048149179884958926,0.10660911442779408,1
ALB,Europe & Central Asia,2010,0.006187227090107328,0.5275520408331893,0
ALB,Europe & Central Asia,2020,-0.00011323861684076064,0.1886677486413646,1
ARE,Middle East & North Africa,1980,0.5787179184567375,1.226875268444682,0
ARE,Middle East & North Africa,1990,0.5787179184567375,0.05946452008939218,0
ARE,Middle East & North Africa,2000,0.5787179184567375,0.4550688020070197,0
ARE,Middle East & North Africa,2010,0.5787179184567375,0.3796985994796458,0
ARE,Middle East & North Africa,2020,0.07763612978981982,0.25404736787248083,0
ARG,Latin America & Caribbean,1970,0.1582660944950618,0.38101923865408693,0
ARG,Latin America & Caribbean,1980,0.12606690341750948,0.26545088371451087,0
ARG,Latin America & Caribbean,1990,0.13383755366333006,-0.07960116060448286,0
ARG,Latin America & Caribbean,2000,0.1562815927301422,0.3977111435804197,0
ARG,Latin America & Caribbean,2010,0.12128815936197768,0.3343643623685999,0
ARG,Latin America & Caribbean,2020,0.11225831996245361,-0.07096152438793268,0
ARM,Europe & Central Asia,2000,-0.10618182140051519,-0.38859387198248285,1
ARM,Europe & Central Asia,2010,0.007680017900865366,0.7655554115010652,0
ARM,Europe & Central Asia,2020,-0.07302289104350201,0.3383266896698771,1
ATG,Latin America & Caribbean,1990,-0.0037144312584871386,0.563955333593622,1
ATG,Latin America & Caribbean,2000,0.21205882365841155,0.3646087380414258,0
ATG,Latin America & Caribbean,2010,0.17591160951793405,0.14095625576806015,0
ATG,Latin America & Caribbean,2020,0.11456549791258475,-0.002539972667854329,0
AUS,East Asia & Pacific,1970,0.2190876590406745,0.49496725151425025,0
AUS,East Asia & Pacific,1980,0.1995581885570452,0.2963147440269758,0
AUS,East Asia & Pacific,1990,0.1762960358627801,0.3325700674201997,0
AUS,East Asia & Pacific,2000,0.108020174556124,0.3268497138923756,0
AUS,East Asia & Pacific,2010,0.1576663449980309,0.3030294320963911,0
AUS,East Asia & Pacific,2020,0.10564362033659691,0.2342797757017543,0
AUT,Europe & Central Asia,1970,-0.007851054302781435,0.4722005311981192,1
AUT,Europe & Central Asia,1980,0.05613517067209628,0.3544371224473899,0
AUT,Europe & Central Asia,1990,0.07525001254472308,0.22229259965308046,0
AUT,Europe & Central Asia,2000,0.037172422987326925,0.2556838086945241,0
AUT,Europe & Central Asia,2010,0.038573274735156815,0.15249955208950183,0
AUT,Europe & Central Asia,2020,0.04158309498880719,0.07317606437619872,0
AZE,Europe & Central Asia,2000,0.12839023088649348,-0.529578870836179,0
AZE,Europe & Central Asia,2010,0.24099781352999727,1.226875268444682,0
AZE,Europe & Central Asia,2020,0.08814634739840344,0.06766971402749178,0
BDI,Sub-Saharan Africa,1970,0.20831425104877965,0.42933141566485133,0
BDI,Sub-Saharan Africa,1980,0.2244980679320694,0.22913121031336203,0
BDI,Sub-Saharan Africa,1990,0.18070974849700505,0.43606339722979826,0
BDI,Sub-Saharan Africa,2000,0.10265627121458287,-0.19894756530491264,0
BDI,Sub-Saharan Africa,2010,0.4805916838998616,0.3290691066282818,0
BDI,Sub-Saharan Africa,2020,0.27288098770902636,0.33615522410205756,0
BEL,Europe & Central Asia,1970,0.028156326045392532,0.48012079133466656,0
BEL,Europe & Central Asia,1980,0.058385093797701515,0.3332097458369354,0
BEL,Europe & Central Asia,1990,0.03610608779991864,0.1990106906532496,0
BEL,Europe & Central Asia,2000,0.005243220348846833,0.2201157386943784,0
BEL,Europe & Central Asia,2010,0.06423980601964452,0.16949356712509456,0
BEL,Europe & Central Asia,2020,0.022732655773943122,0.07659450633426346,0
BEN,Sub-Saharan Africa,1970,0.1238668396476772,0.29094793332382096,0
BEN,Sub-Saharan Africa,1980,0.19664428763371333,0.2650876912891036,0
BEN,Sub-Saharan Africa,1990,0.2819331957389988,0.31831354308464554,0
BEN,Sub-Saharan Africa,2000,0.3322939186213425,0.45186269119903955,0
BEN,Sub-Saharan Africa,2010,0.32519383461969475,0.3800017422124249,0
BEN,Sub-Saharan Africa,2020,0.32599951642410296,0.48191684378635813,0
BFA,Sub-Saharan Africa,1970,0.1159386081709819,0.2872813496504847,0
BFA,Sub-Saharan Africa,1980,0.16023529932674485,0.32509660415200514,0
BFA,Sub-Saharan Africa,1990,0.2401104277775481,0.3459889710995476,0
BFA,Sub-Saharan Africa,2000,0.28342771925597887,0.5181571697865159,0
BFA,Sub-Saharan Africa,2010,0.3213410710927178,0.5762598334841336,0
BFA,Sub-Saharan Africa,2020,0.3257903938384512,0.522933766524261,0
BGD,South Asia,1970,0.2349903348334479,0.3910893592399738,0
BGD,South Asia,1980,0.21274843610831695,0.08055186385817947,0
BGD,South Asia,1990,0.2898014087348848,0.39328813824165465,0
BGD,South Asia,2000,0.2674719753896042,0.45725810114822707,0
BGD,South Asia,2010,0.20541022549793908,0.5424622733046078,0
BGD,South Asia,2020,0.19283543531702207,0.6194734965310111,0
BGR,Europe & Central Asia,1990,-0.008635639851812371,0.2393311222610457,1
BGR,Europe & Central Asia,2000,-0.04649670757019564,-0.23914947086825578,1
BGR,Europe & Central Asia,2010,-0.08688000864678003,0.448003417750634,1
BGR,Europe & Central Asia,2020,-0.10618182140051519,0.1509033071084751,1
BHR,Middle East & North Africa,1980,0.5787179184567375,0.7260118039541297,0
BHR,Middle East & North Africa,1990,0.3830247955858024,0.15409114241212762,0
BHR,Middle East & North Africa,2000,0.35282759256000773,0.5395703923304431,0
BHR,Middle East & North Africa,2010,0.5787179184567375,0.5220145147279283,0
BHR,Middle East & North Africa,2020,0.21568548520184017,0.24044837045276424,0
BIH,Europe & Central Asia,2000,-0.08604889841242347,1.1096259640912542,1
BIH,Europe & Central Asia,2010,-0.06349838461309787,0.3512703217668758,1
BIH,Europe & Central Asia,2020,-0.10618182140051519,0.1771894787457846,1
BLR,Europe & Central Asia,2000,0.0028399554459888066,-0.1202413327030385,0
BLR,Europe & Central Asia,2010,-0.005027013978315509,0.7132780936734839,1
BLR,Europe & Central Asia,2020,-0.07218463029417777,0.09624899606636106,1
BLZ,Latin America & Caribbean,1970,0.23970798733157572,0.5032359015651018,0
BLZ,Latin America & Caribbean,1980,0.1901435074117348,0.676326510941248,0
BLZ,Latin America & Caribbean,1990,0.2977558307451993,0.48758751293150837,0
BLZ,Latin America & Caribbean,2000,0.32968640205207045,0.5940748462682599,0
BLZ,Latin America & Caribbean,2010,0.38131318550168913,0.3323868002532002,0
BLZ,Latin America & Caribbean,2020,0.290165574391116,0.02854333221557326,0
BOL,Latin America & Caribbean,1970,0.223086467181286,0.5346175495288925,0
BOL,Latin America & Caribbean,1980,0.22792760956144242,0.38285889173158694,0
BOL,Latin America & Caribbean,1990,0.2209094411359782,0.011849111203222407,0
BOL,Latin America & Caribbean,2000,0.23309433844761251,0.369941980278476,0
BOL,Latin America & Caribbean,2010,0.22106747964585338,0.3767663135293766,0
BOL,Latin America & Caribbean,2020,0.2045609047478738,0.2570729369533389,0
BRA,Latin America & Caribbean,1970,0.28851054161219025,0.5987254914979943,0
BRA,Latin America & Caribbean,1980,0.30121661155240176,0.8274887014036274,0
BRA,Latin America & Caribbean,1990,0.25292912973558046,0.15621720382998916,0
BRA,Latin America & Caribbean,2000,0.22335433691192463,0.2573572177236976,0
BRA,Latin America & Caribbean,2010,0.1634648000012895,0.3615400053137918,0
BRA,Latin America & Caribbean,2020,0.10260302348937955,0.03286634401798949,0
BRB,Latin America & Caribbean,1970,0.028473950294809924,0.6364590174084306,0
BRB,Latin America & Caribbean,1980,0.13808991331202058,0.24239070373932847,0
BRB,Latin America & Caribbean,1990,0.11851898470828459,0.09340862141665696,0
BRB,Latin America & Caribbean,2000,0.03261681191692922,0.11812313345547665,0
BRB,Latin America & Caribbean,2010,0.05342710537157913,0.07016103441182153,0
BRB,Latin America & Caribbean,2020,-0.0191729009824968,-0.2037172860827745,1
BRN,East Asia & Pacific,1990,0.4063894260059975,-0.33222192335223966,0
BRN,East Asia & Pacific,2000,0.3080996125701372,0.08211771701270365,0
BRN,East Asia & Pacific,2010,0.22421012334412893,0.059491531267521935,0
BRN,East Asia & Pacific,2020,0.13325414686624804,0.03290565325274741,0
BTN,South Asia,1980,0.3101053638973763,0.39553125155897106,0
BTN,South Asia,1990,0.29065049518669106,0.9372047566390123,0
BTN,South Asia,2000,0.08286761371880225,0.4510158763242096,0
BTN,South Asia,2010,0.3522929888630504,0.7974743032110432,0
BTN,South Asia,2020,0.15019379414233924,0.3552816459622683,0
BWA,Sub-Saharan Africa,1970,0.11086843718305239,0.8245505394979809,0
BWA,Sub-Saharan Africa,1980,0.5043915930812712,1.226875268444682,0
BWA,Sub-Saharan Africa,1990,0.39640945530032035,1.0327589847911014,0
BWA,Sub-Saharan Africa,2000,0.36840693744776587,0.47627430273027116,0
BWA,Sub-Saharan Africa,2010,0.2576406097842874,0.29043974768016056,0
BWA,Sub-Saharan Africa,2020,0.219911082962442,0.2648542361894144,0
CAF,Sub-Saharan Africa,1970,0.16914321915848873,0.19107912309561215,0
CAF,Sub-Saharan Africa,1980,0.12589518070858396,0.1269431081390664,0
CAF,Sub-Saharan Africa,1990,0.13420311789240813,0.1024420912363091,0
CAF,Sub-Saharan Africa,2000,0.3135282184596786,0.11568007801389868,0
CAF,Sub-Saharan Africa,2010,0.21298040534494334,0.3306199230115858,0
CAF,Sub-Saharan Africa,2020,0.14400531607316047,-0.15140055987093248,0
CAN,North America,1970,0.22909816623468515,0.502777000782082,0
CAN,North America,1980,0.23141496668295147,0.3933643541371339,0
CAN,North America,1990,0.12507600140988728,0.2595078897112906,0
CAN,North America,2000,0.10591203058119802,0.28148348035560034,0
CAN,North America,2010,0.11846726425087084,0.18517661571489086,0
CAN,North America,2020,0.05545881948178888,0.14058225197767626,0
CHE,Europe & Central Asia,1970,0.1387384451704179,0.4507416449845607,0
CHE,Europe & Central Asia,1980,0.0397255855091494,0.12391017372389612,0
CHE,Europe & Central Asia,1990,0.09364042843493614,0.2196744681058469,0
CHE,Europe & Central Asia,2000,0.05067570092383811,0.11874318721407917,0
CHE,Europe & Central Asia,2010,0.0971173398588725,0.18307651084649024,0
CHE,Europe & Central Asia,2020,0.066799831249293,0.13891427960048475,0
CHI,Europe & Central Asia,2020,0.05147663011419645,-0.051870784215644505,0
CHL,Latin America & Caribbean,1970,0.19479637272648276,0.41449673397029585,0
CHL,Latin America & Caribbean,1980,0.23019764918736207,0.29190083781774945,0
CHL,Latin America & Caribbean,1990,0.20090054069889973,0.2889041730512183,0
CHL,Latin America & Caribbean,2000,0.16561599093881085,0.61311129503407,0
CHL,Latin America & Caribbean,2010,0.14538747437880062,0.42202010502083454,0
CHL,Latin America & Caribbean,2020,0.12418980428498472,0.20463032915210988,0
CHN,East Asia & Pacific,1970,0.18932403021578637,0.3786832770882569,0
CHN,East Asia & Pacific,1980,0.24593385640393706,0.5998240336243619,0
CHN,East Asia & Pacific,1990,0.24151312181497886,0.888142885659267,0
CHN,East Asia & Pacific,2000,0.14932487859654486,0.9980994732999058,0
CHN,East Asia & Pacific,2010,0.13216125381196875,1.0041948396992062,0
CHN,East Asia & Pacific,2020,0.006197295949402104,0.6599965872166145,0
CIV,Sub-Saharan Africa,1970,0.3497201433822106,0.8353940850026831,0
CIV,Sub-Saharan Africa,1980,0.40631596368600675,0.5144282573507262,0
CIV,Sub-Saharan Africa,1990,0.3660630214984941,0.0711863043443195,0
CIV,Sub-Saharan Africa,2000,0.3708004999479435,0.2902053919120604,0
CIV,Sub-Saharan Africa,2010,0.2243775048557417,0.130468433812311,0
CIV,Sub-Saharan Africa,2020,0.2687175518881908,0.5395823865289238,0
CMR,Sub-Saharan Africa,1970,0.1904433987593972,0.20279121866466454,0
CMR,Sub-Saharan Africa,1980,0.23056504775009046,0.6311448285314256,0
CMR,Sub-Saharan Africa,1990,0.26400229169768075,0.32722119630873436,0
CMR,Sub-Saharan Africa,2000,0.30796311819420197,0.10762960076293382,0
CMR,Sub-Saharan Africa,2010,0.30691825959016406,0.3912567794699733,0
CMR,Sub-Saharan Africa,2020,0.31627658880567466,0.3926549841445457,0
COD,Sub-Saharan Africa,1970,0.26868238527636734,0.2982605865464869,0
COD,Sub-Saharan Africa,1980,0.2674616195964923,0.041880340603057675,0
COD,Sub-Saharan Africa,1990,0.28721812381628453,0.08777176168584333,0
COD,Sub-Saharan Africa,2000,0.2925432573499158,-0.5424151545223341,0
COD,Sub-Saharan Africa,2010,0.2991456648580666,0.4710922128447841,0
COD,Sub-Saharan Africa,2020,0.34168145400118277,0.4980239821820902,0
COL,Latin America & Caribbean,1970,0.29288378313743735,0.4985526495142203,0
COL,Latin America & Caribbean,1980,0.3185693109071899,0.5363922658297469,0
COL,Latin America & Caribbean,1990,0.28597996450743324,0.33536847323686203,0
COL,Latin America & Caribbean,2000,0.2536346764072164,0.26479929901359256,0
COL,Latin America & Caribbean,2010,0.19466310052285607,0.3967432069643806,0
COL,Latin America & Caribbean,2020,0.1470660571548308,0.2450359937160833,0
COM,Sub-Saharan Africa,1990,0.2512825761937787,0.3428332627634738,0
COM,Sub-Saharan Africa,2000,0.25919770883549553,0.10145082884778844,0
COM,Sub-Saharan Africa,2010,0.25604845541295873,0.3006865518211015,0
COM,Sub-Saharan Africa,2020,0.23891023665889577,0.269128523292558,0
CPV,Sub-Saharan Africa,1990,0.17838147916727642,0.5110097136453184,0
CPV,Sub-Saharan Africa,2000,0.2726261406638706,1.080337786248169,0
CPV,Sub-Saharan Africa,2010,0.2832964751912286,0.5672287026341074,0
CPV,Sub-Saharan Africa,2020,0.20280580813115812,0.028569074874813083,0
CRI,Latin America & Caribbean,1970,0.3341145546750912,0.5824684552458059,0
CRI,Latin America & Caribbean,1980,0.3715425254845304,0.5487066872302222,0
CRI,Latin America & Caribbean,1990,0.28798416243666836,0.23828160891252992,0
CRI,Latin America & Caribbean,2000,0.28587457280461415,0.47896993510781627,0
CRI,Latin America & Caribbean,2010,0.21680226259967839,0.4318663078182361,0
CRI,Latin America & Caribbean,2020,0.11384668864367065,0.2740367126660175,0
CUB,Latin America & Caribbean,1980,0.16897308320476334,0.424950686792009,0
CUB,Latin America & Caribbean,1990,0.19568313866579778,0.3998718894002735,0
CUB,Latin America & Caribbean,2000,0.049627361380544244,-0.14381037443800793,0
CUB,Latin America & Caribbean,2010,0.04211606900747,0.5074006087177558,0
CUB,Latin America & Caribbean,2020,-0.02713705911886244,0.0659781409266067,1
CUW,Latin America & Caribbean,2010,0.13751591344772685,0.06644905069455831,0
CUW,Latin America & Caribbean,2020,-0.004944078176814415,-0.28786787220756693,1
CYP,Europe & Central Asia,1990,0.1328227499224841,0.6047480415091826,0
CYP,Europe & Central Asia,2000,0.2264248194063363,0.44632215597264135,0
CYP,Europe & Central Asia,2010,0.22397734520495938,0.3314620111569724,0
CYP,Europe & Central Asia,2020,0.06639679615637739,0.12139697976079233,0
CZE,Europe & Central Asia,2000,0.051584926919089114,0.04504440539161436,0
CZE,Europe & Central Asia,2010,0.028928739219422184,0.3052928313566454,0
CZE,Europe & Central Asia,2020,-0.07131864881133332,0.16437696655041023,1
DEU,Europe & Central Asia,1970,0.00935317966983007,0.4305612604480018,0
DEU,Europe & Central Asia,1980,0.043421004328596524,0.2853033214585601,0
DEU,Europe & Central Asia,1990,0.06440114125539864,0.23015779309490725,0
DEU,Europe & Central Asia,2000,0.015592396013673238,0.19942332988623335,0
DEU,Europe & Central Asia,2010,-0.03445745124038879,0.08773354123996313,1
DEU,Europe & Central Asia,2020,-0.0012806132172293871,0.11193765388910393,1
DNK,Europe & Central Asia,1970,0.07694915545864944,0.48178959409978717,0
DNK,Europe & Central Asia,1980,0.04371495711603757,0.2247219882428091,0
DNK,Europe & Central Asia,1990,0.04331397887908217,0.21712353764479886,0
DNK,Europe & Central Asia,2000,0.02757898831286454,0.26377486311768195,0
DNK,Europe & Central Asia,2010,0.01862567839158835,0.07689644627336278,0
DNK,Europe & Central Asia,2020,0.020957094814505695,0.1381357176331086,0
DOM,Latin America & Caribbean,1970,0.31246465192755934,0.5613845428776898,0
DOM,Latin America & Caribbean,1980,0.3410538976233486,0.6882000271894206,0
DOM,Latin America & Caribbean,1990,0.27067345174000224,0.23428897660804537,0
DOM,Latin America & Caribbean,2000,0.22230655043083303,0.579406359544322,0
DOM,Latin America & Caribbean,2010,0.17879387020161985,0.45247404317787954,0
DOM,Latin America & Caribbean,2020,0.14435544097951158,0.3805688530874747,0
DZA,Middle East & North Africa,1970,0.13991585005664398,0.3560066348550919,0
DZA,Middle East & North Africa,1980,0.31945096623194935,0.5809213824110344,0
DZA,Middle East & North Africa,1990,0.36668808466820835,0.27295146334541087,0
DZA,Middle East & North Africa,2000,0.32896719082912185,0.18245704156839793,0
DZA,Middle East & North Africa,2010,0.24503378505391638,0.3843568182890422,0
DZA,Middle East & North Africa,2020,0.13318329099269377,0.17534020906488124,0
ECU,Latin America & Caribbean,1970,0.28288982942890684,0.39530676079697713,0
ECU,Latin America & Caribbean,1980,0.32332494521752153,0.6667850494064602,0
ECU,Latin America & Caribbean,1990,0.3135545748243551,0.2567223819302633,0
ECU,Latin America & Caribbean,2000,0.23550134591497418,0.20044299409372712,0
ECU,Latin America & Caribbean,2010,0.21853178546553842,0.41169162952203564,0
ECU,Latin America & Caribbean,2020,0.18177678117230656,0.21597012823919925,0
ERI,Sub-Saharan Africa,2010,0.3266831940745831,0.0876730035497637,0
ESP,Europe & Central Asia,1970,0.0703805466033991,0.7140140163179964,0
ESP,Europe & Central Asia,1980,0.11495879823749533,0.35614730903306935,0
ESP,Europe & Central Asia,1990,0.09156051629733142,0.28919544204536507,0
ESP,Europe & Central Asia,2000,0.07164846893991594,0.2717243379150567,0
ESP,Europe & Central Asia,2010,0.13282166352689018,0.20469662322654614,0
ESP,Europe & Central Asia,2020,-0.02565645413064388,-0.010452490515756807,1
EST,Europe & Central Asia,2000,-0.09759869004897403,-0.047408662346423824,1
EST,Europe & Central Asia,2010,-0.04886883190979496,0.3336913360399443,1
EST,Europe & Central Asia,2020,-0.0684470644988,0.30662600712324917,1
ETH,Sub-Saharan Africa,1980,0.1794973533255586,0.3056625754006106,0
ETH,Sub-Saharan Africa,1990,0.29299150476794367,0.23441444238335762,0
ETH,Sub-Saharan Africa,2000,0.3337202576196532,0.27166906123127177,0
ETH,Sub-Saharan Africa,2010,0.3217013648871436,0.8282923904377881,0
ETH,Sub-Saharan Africa,2020,0.36712882803397306,0.8725988632900972,0
FIN,Europe & Central Asia,1970,0.10043300579120995,0.46906217039421705,0
FIN,Europe & Central Asia,1980,0.05904021155702921,0.3709478539914919,0
FIN,Europe & Central Asia,1990,0.03606190859995806,0.30996231345441316,0
FIN,Europe & Central Asia,2000,0.031569048324325166,0.22823325434736574,0
FIN,Europe & Central Asia,2010,0.02616695818314163,0.17534810021500036,0
FIN,Europe & Central Asia,2020,-0.04954349063202912,0.05622788152100355,1
FJI,East Asia & Pacific,1970,0.3581962304837596,0.49861933591922636,0
FJI,East Asia & Pacific,1980,0.27507779422899326,0.48162646933779385,0
FJI,East Asia & Pacific,1990,0.19903730996127678,0.13652980566569894,0
FJI,East Asia & Pacific,2000,0.11304300727412908,0.23210118322338147,0
FJI,East Asia & Pacific,2010,0.1562509588720058,0.15511914955631312,0
FJI,East Asia & Pacific,2020,0.002418427433465098,0.10485918185328202,0
FRA,Europe & Central Asia,1970,0.10757979748497704,0.5552168942004272,0
FRA,Europe & Central Asia,1980,0.08675953360811306,0.35856641431689695,0
FRA,Europe & Central Asia,1990,0.08583581400605667,0.24687482418576323,0
FRA,Europe & Central Asia,2000,0.034887157674223346,0.21686211565979718,0
FRA,Europe & Central Asia,2010,0.058511675389290474,0.1327746070480984,0
FRA,Europe & Central Asia,2020,-0.013323462940078912,0.04250945471820344,1
FSM,East Asia & Pacific,1980,0.2251113064646102,0.49754526700973756,0
FSM,East Asia & Pacific,1990,0.3196244262418695,0.3834247533779731,0
FSM,East Asia & Pacific,2000,0.19213859249080834,0.2379612357902161,0
FSM,East Asia & Pacific,2010,0.01961286922381511,0.016211003572802696,0
FSM,East Asia & Pacific,2020,0.09210191803331291,0.053819417944332315,0
GAB,Sub-Saharan Africa,1970,0.10678687032804923,0.6634609322862417,0
GAB,Sub-Saharan Africa,1980,0.1454600696987427,0.7354828225098125,0
GAB,Sub-Saharan Africa,1990,0.23168579629809116,0.17890217977162592,0
GAB,Sub-Saharan Africa,2000,0.2765307721560948,0.16465740990689426,0
GAB,Sub-Saharan Africa,2010,0.3788584383553424,0.14017568155040294,0
GAB,Sub-Saharan Africa,2020,0.32357519144575697,0.30851779156376935,0
GBR,Europe & Central Asia,1970,0.02468233427250155,0.3026972008719966,0
GBR,Europe & Central Asia,1980,0.03069917539082212,0.19187362991159773,0
GBR,Europe & Central Asia,1990,0.035718083634250775,0.268080248803777,0
GBR,Europe & Central Asia,2000,0.025387946454806354,0.2959119793744449,0
GBR,Europe & Central Asia,2010,0.07604039746858504,0.14822041267345298,0
GBR,Europe & Central Asia,2020,0.023215220747747622,0.06657054778355231,0
GEO,Europe & Central Asia,1970,0.10213271821013414,0.6291381188633345,0
GEO,Europe & Central Asia,1980,0.13995682847536628,0.584239695481994,0
GEO,Europe & Central Asia,1990,0.08128625350101792,-0.03883001447698575,0
GEO,Europe & Central Asia,2000,-0.10618182140051519,-0.5424151545223341,1
GEO,Europe & Central Asia,2010,-0.03335686987988318,0.6088383141947453,1
GEO,Europe & Central Asia,2020,-0.059302267675285236,0.39369932529444185,1
GHA,Sub-Saharan Africa,1970,0.22241334393481438,0.29413426274357946,0
GHA,Sub-Saharan Africa,1980,0.28757331478658266,0.03476116255975725,0
GHA,Sub-Saharan Africa,1990,0.2968202439266481,0.21310961755219182,0
GHA,Sub-Saharan Africa,2000,0.27458256543048876,0.4210880165719111,0
GHA,Sub-Saharan Africa,2010,0.29297284468950835,0.5612195948243262,0
GHA,Sub-Saharan Africa,2020,0.26075757018961454,0.5796855415187352,0
GIN,Sub-Saharan Africa,1980,0.15007276638419498,0.2916681838595494,0
GIN,Sub-Saharan Africa,1990,0.20309175580883299,0.3054170843142039,0
GIN,Sub-Saharan Africa,2000,0.264177242963493,0.3832690264204217,0
GIN,Sub-Saharan Africa,2010,0.22844205566828713,0.3053565911937639,0
GIN,Sub-Saharan Africa,2020,0.2850246251573054,0.5876575306251048,0
GNB,Sub-Saharan Africa,1980,0.2729630192849175,0.09619395122881258,0
GNB,Sub-Saharan Africa,1990,0.11113079963992689,0.48551613151889583,0
GNB,Sub-Saharan Africa,2000,0.25873836472819534,0.240920366325021,0
GNB,Sub-Saharan Africa,2010,0.2964740064407341,0.3295281273445916,0
GNB,Sub-Saharan Africa,2020,0.27124857067933306,0.37746201094528686,0
GNQ,Sub-Saharan Africa,1990,0.4346897164215662,0.27406831649758345,0
GNQ,Sub-Saharan Africa,2000,0.43617416794541697,1.226875268444682,0
GNQ,Sub-Saharan Africa,2010,0.5169182109314718,1.226875268444682,0
GNQ,Sub-Saharan Africa,2020,0.4130641862234121,-0.31104522771180854,0
GRC,Europe & Central Asia,1970,0.0252239216364476,0.8143967424949139,0
GRC,Europe & Central Asia,1980,0.09455640364843276,0.44951011643083305,0
GRC,Europe & Central Asia,1990,0.0987484499861182,0.06839324949726588,0
GRC,Europe & Central Asia,2000,0.07987101621993986,0.2116604078196751,0
GRC,Europe & Central Asia,2010,0.007515272848046095,0.20851909717528372,0
GRC,Europe & Central Asia,2020,-0.06295331169672203,-0.24756831644852184,1
GRD,Latin America & Caribbean,1990,0.0486126029518168,0.44656881220454636,0
GRD,Latin America & Caribbean,2000,0.15401797309952947,0.341214379318874,0
GRD,Latin America & Caribbean,2010,0.19120795243548905,0.1764823262872568,0
GRD,Latin America & Caribbean,2020,0.09433048889409967,0.13413235278124702,0
GTM,Latin America & Caribbean,1970,0.27742049155174264,0.5357259224111139,0
GTM,Latin America & Caribbean,1980,0.2223639580635659,0.5500313327825914,0
GTM,Latin America & Caribbean,1990,0.2722902786980814,0.08695770702580674,0
GTM,Latin America & Caribbean,2000,0.27640005448443183,0.4033381329026362,0
GTM,Latin America & Caribbean,2010,0.28205028081632477,0.3283224407040741,0
GTM,Latin America & Caribbean,2020,0.2569984961500964,0.3016146324284428,0
GUM,East Asia & Pacific,2020,0.0323554240635211,-0.019208744273679912,0
GUY,Latin America & Caribbean,1970,0.1969208655913377,0.3463470485713671,0
GUY,Latin America & Caribbean,1980,0.18445147745396007,0.13386072847512054,0
GUY,Latin America & Caribbean,1990,0.0658330435096417,-0.34412184988938677,0
GUY,Latin America & Caribbean,2000,0.014015301339803443,0.47810813099145477,0
GUY,Latin America & Caribbean,2010,0.033617440514179364,0.23616702766573638,0
GUY,Latin America & Caribbean,2020,0.11762124721519207,0.6921843990279584,0
HKG,East Asia & Pacific,1980,0.3874124251222817,0.8615878521477995,0
HKG,East Asia & Pacific,1990,0.14922022259331236,0.6506984850547965,0
HKG,East Asia & Pacific,2000,0.17952276447259763,0.3875839241630885,0
HKG,East Asia & Pacific,2010,0.09281155088458526,0.39908259060790385,0
HKG,East Asia & Pacific,2020,-0.019203513025603414,0.14757199951346678,1
HND,Latin America & Caribbean,1970,0.2643518619321128,0.16243345004159337,0
HND,Latin America & Caribbean,1980,0.3097549488867042,0.854967239067367,0
HND,Latin America & Caribbean,1990,0.3199082284591874,0.6546000747176102,0
HND,Latin America & Caribbean,2000,0.3358769865683602,1.226875268444682,0
HND,Latin America & Caribbean,2010,0.33457792224282024,0.40450516036565887,0
HND,Latin America & Caribbean,2020,0.27303865107327674,0.2279947489898575,0
HRV,Europe & Central Asia,2000,-0.08931645565150248,-0.16079335083625068,1
HRV,Europe & Central Asia,2010,-0.041173754939745066,0.2586966908039656,1
HRV,Europe & Central Asia,2020,-0.09986301867508374,0.031128908999487948,1
HTI,Latin America & Caribbean,1970,0.1453902893334984,0.07987179116798515,0
HTI,Latin America & Caribbean,1980,0.1947590636176404,0.5080274199328549,0
HTI,Latin America & Caribbean,1990,0.16714487182034077,-0.07735893971136676,0
HTI,Latin America & Caribbean,2000,0.23868522985356222,-0.00036399221075811283,0
HTI,Latin America & Caribbean,2010,0.23389397807607892,0.1470553857443626,0
HTI,Latin America & Caribbean,2020,0.19352249454216697,0.14775766566297932,0
HUN,Europe & Central Asia,1970,0.06354618078047025,0.8642479255228857,0
HUN,Europe & Central Asia,1980,-0.013186061954492345,0.483885432579946,1
HUN,Europe & Central Asia,1990,-0.005249617462862233,0.11322004526847707,1
HUN,Europe & Central Asia,2000,0.013137099950187192,0.021983122624281037,0
HUN,Europe & Central Asia,2010,-0.006674050961926525,0.2078384864870344,1
HUN,Europe & Central Asia,2020,-0.07588637331551418,0.22821573420711516,1
IDN,East Asia & Pacific,1970,0.20914491870978225,0.380554634781209,0
IDN,East Asia & Pacific,1980,0.2858999678744709,0.716930511258802,0
IDN,East Asia & Pacific,1990,0.28379260064204104,0.5345353451751258,0
IDN,East Asia & Pacific,2000,0.23901790930132805,0.3808096146320672,0
IDN,East Asia & Pacific,2010,0.1550531282529839,0.5100376866387712,0
IDN,East Asia & Pacific,2020,0.13289214429408958,0.44608114893447137,0
IND,South Asia,1970,0.20896701544528185,0.39057521750382307,0
IND,South Asia,1980,0.24600861731610024,0.29597433268371987,0
IND,South Asia,1990,0.24179143664872882,0.5406519684065678,0
IND,South Asia,2000,0.24072697455790504,0.542720094746528,0
IND,South Asia,2010,0.20781058473765768,0.6515908566861484,0
IND,South Asia,2020,0.16221500836821434,0.5006169748247729,0
IRL,Europe & Central Asia,1970,0.04938739834983075,0.41086258605713866,0
IRL,Europe & Central Asia,1980,0.15628772417722914,0.46263327093224405,0
IRL,Europe & Central Asia,1990,0.06973131826808832,0.35578097225874217,0
IRL,Europe & Central Asia,2000,0.18206322559716526,0.6762872542783427,0
IRL,Europe & Central Asia,2010,0.18192255514740907,0.2791226899489807,0
IRL,Europe & Central Asia,2020,0.02559803709729458,0.6435885025919603,0
IRN,Middle East & North Africa,1970,0.27280981153338857,1.0797211472820365,0
IRN,Middle East & North Africa,1980,0.3200643404588419,0.01944977655475455,0
IRN,Middle East & North Africa,1990,0.328239210819941,0.21885918533975968,0
IRN,Middle East & North Africa,2000,0.33215810108643495,0.3161390827708175,0
IRN,Middle East & North Africa,2010,0.30247949196987634,0.4541265889770756,0
IRN,Middle East & North Africa,2020,0.12943460446728494,0.10253993977742226,0
IRQ,Middle East & North Africa,1970,0.24961457508673668,0.5906825000637177,0
IRQ,Middle East & North Africa,1980,0.2844762848185294,1.1448810763783328,0
IRQ,Middle East & North Africa,1990,0.28246158831984225,0.444616354687966,0
IRQ,Middle East & North Africa,2000,0.395421727657169,0.4969922477082065,0
IRQ,Middle East & North Africa,2010,0.26509620992037597,0.1676343364660653,0
IRQ,Middle East & North Africa,2020,0.33928804940250146,0.3870686003695063,0
ISL,Europe & Central Asia,1970,0.17864792991960243,0.4518502346890969,0
ISL,Europe & Central Asia,1980,0.1762778537632066,0.614682794562242,0
ISL,Europe & Central Asia,1990,0.13840425743819296,0.2703259475706332,0
ISL,Europe & Central Asia,2000,0.11080618941090137,0.2515592332840271,0
ISL,Europe & Central Asia,2010,0.15348228662645091,0.2535195481503649,0
ISL,Europe & Central Asia,2020,0.1019488805657609,0.19930234509145706,0
ISR,Middle East & North Africa,1970,0.37182428446604376,0.8440322875095134,0
ISR,Middle East & North Africa,1980,0.22528230495237445,0.5119657093073968,0
ISR,Middle East & North Africa,1990,0.20965117330315053,0.3695641047477771,0
ISR,Middle East & North Africa,2000,0.3335233178901813,0.5723973061161054,0
ISR,Middle East & North Africa,2010,0.19857137780623368,0.3178927081614411,0
ISR,Middle East & North Africa,2020,0.15242767597167628,0.31858375480815937,0
ITA,Europe & Central Asia,1970,0.05134691781061207,0.5551787392244272,0
ITA,Europe & Central Asia,1980,0.05456737511292076,0.3731197350581894,0
ITA,Europe & Central Asia,1990,0.06460474674169348,0.23719677233183845,0
ITA,Europe & Central Asia,2000,-0.012968128907552057,0.16980276415701212,1
ITA,Europe & Central Asia,2010,0.009584472416666046,0.028186975616964816,0
ITA,Europe & Central Asia,2020,-0.038608142303008464,-0.0865168271054344,1
JAM,Latin America & Caribbean,1980,0.24280568948206316,-0.07796429967147844,0
JAM,Latin America & Caribbean,1990,0.19017979408886632,0.26364521501653826,0
JAM,Latin America & Caribbean,2000,0.1253998916628003,0.17651932295429518,0
JAM,Latin America & Caribbean,2010,0.11939653148349194,0.0667338674221476,0
JAM,Latin America & Caribbean,2020,0.07141437679593743,0.038196587092695466,0
JOR,Middle East & North Africa,1990,0.5159659177704778,0.1933712760112165,0
JOR,Middle East & North Africa,2000,0.49224896978402377,0.4604177813051997,0
JOR,Middle East & North Africa,2010,0.34716146369946266,0.6069050469056556,0
JOR,Middle East & North Africa,2020,0.49347066534260087,0.20417282221987065,0
JPN,East Asia & Pacific,1970,0.17729877765520996,0.8963455010883052,0
JPN,East Asia & Pacific,1980,0.09977478431792619,0.4365840228723137,0
JPN,East Asia & Pacific,1990,0.0869645685203011,0.4408264074756332,0
JPN,East Asia & Pacific,2000,0.006225942444455512,0.12749903826319553,0
JPN,East Asia & Pacific,2010,-0.052122129440938636,0.05659853079880861,1
JPN,East Asia & Pacific,2020,-0.09690020537980004,0.03611450307710484,1
KAZ,Europe & Central Asia,2000,-0.04886393145245549,-0.364939580930411,1
KAZ,Europe & Central Asia,2010,0.144749295486978,0.7950632953809382,0
KAZ,Europe & Central Asia,2020,0.05534491015994547,0.339615601035959,0
KEN,Sub-Saharan Africa,1970,0.3429981402500264,0.43808523930593424,0
KEN,Sub-Saharan Africa,1980,0.3337430258837504,0.7701987170137201,0
KEN,Sub-Saharan Africa,1990,0.38554012713502495,0.39858372858414626,0
KEN,Sub-Saharan Africa,2000,0.3641956528193404,0.18539901686738602,0
KEN,Sub-Saharan Africa,2010,0.33649388667592817,0.4199658494755276,0
KEN,Sub-Saharan Africa,2020,0.2908184260476574,0.4103768079459229,0
KHM,East Asia & Pacific,1990,0.30034254113990144,0.528765384908457,0
KHM,East Asia & Pacific,2000,0.35401217259074613,0.20494545448897483,0
KHM,East Asia & Pacific,2010,0.298812727056017,0.8095511032794,0
KHM,East Asia & Pacific,2020,0.15234501090487385,0.6442841231636933,0
KIR,East Asia & Pacific,1980,0.15869432474245215,0.22425305969385434,0
KIR,East Asia & Pacific,1990,0.1948128867587684,-0.02075161519065105,0
KIR,East Asia & Pacific,2000,0.17510607960750946,0.28296158133489513,0
KIR,East Asia & Pacific,2010,0.2582754956669415,0.04676730645758198,0
KIR,East Asia & Pacific,2020,0.15576085355746727,0.4391234797090924,0
KOR,East Asia & Pacific,1970,0.2772483139280233,0.9104985678836428,0
KOR,East Asia & Pacific,1980,0.2937052054758027,0.8946205002368117,0
KOR,East Asia & Pacific,1990,0.22896482298355636,0.9659260790687014,0
KOR,East Asia & Pacific,2000,0.13262023924586686,0.6999949489243065,0
KOR,East Asia & Pacific,2010,0.06641460519685438,0.4573971549739575,0
KOR,East Asia & Pacific,2020,0.01618732634990039,0.2662764983964543,0
KWT,Middle East & North Africa,1980,0.5787179184567375,-0.2217003852538788,0
KWT,Middle East & North Africa,1990,0.2088644987903141,-0.270250877313682,0
KWT,Middle East & North Africa,2000,0.23769919312119114,0.5907947576838382,0
KWT,Middle East & North Africa,2010,0.4853284171599981,0.4477016854134064,0
KWT,Middle East & North Africa,2020,0.40486346983102806,0.15906991454552255,0
LAO,East Asia & Pacific,2000,0.24620489191726236,0.5992498806500564,0
LAO,East Asia & Pacific,2010,0.2755635677395709,0.6880281720843264,0
LAO,East Asia & Pacific,2020,0.21019439823539265,0.628556166553988,0
LBN,Middle East & North Africa,2000,0.25338567379875876,0.9581303679184003,0
LBN,Middle East & North Africa,2010,0.20012386644082625,0.5596201585953189,0
LBN,Middle East & North Africa,2020,0.1435316237937556,-0.20639035727433352,0
LBR,Sub-Saharan Africa,1970,0.21440919643125156,0.4779414558313846,0
LBR,Sub-Saharan Africa,1980,0.24703666422381154,0.1815891901035478,0
LBR,Sub-Saharan Africa,1990,0.1256260803106315,-0.5424151545223341,0
LBR,Sub-Saharan Africa,2000,0.30195118283243616,0.2761521050592961,0
LBR,Sub-Saharan Africa,2010,0.32652221428801553,0.1326213454266032,0
LBR,Sub-Saharan Africa,2020,0.2809015738213123,0.21066183364391122,0
LBY,Middle East & North Africa,1970,0.22190855864440096,1.226875268444682,0
LBY,Middle East & North Africa,1980,0.4118045611924348,0.7082303178362395,0
LBY,Middle East & North Africa,1990,0.468697474396631,-0.28260168225486737,0
LBY,Middle East & North Africa,2000,0.3198665440361168,0.1556578931054311,0
LBY,Middle East & North Africa,2010,0.30730690276936734,0.37660697633710427,0
LBY,Middle East & North Africa,2020,0.03579912699334109,-0.5424151545223341,0
LKA,South Asia,1980,0.2515814390772313,0.4306990416512555,0
LKA,South Asia,1990,0.1847796834919606,0.41048270442028567,0
LKA,South Asia,2000,0.15856546282955364,0.5084569202576432,0
LKA,South Asia,2010,0.09938990665741443,0.503905437135657,0
LKA,South Asia,2020,0.036089390703178736,0.3938724420169173,0
LSO,Sub-Saharan Africa,1970,0.30983292746763347,0.49532133370910003,0
LSO,Sub-Saharan Africa,1980,0.31414946175888936,0.7121420923260793,0
LSO,Sub-Saharan Africa,1990,0.2490709434316063,0.40044290677647254,0
LSO,Sub-Saharan Africa,2000,0.15279061670863747,0.408410160631572,0
LSO,Sub-Saharan Africa,2010,0.08466941232874525,0.3126111977867261,0
LSO,Sub-Saharan Africa,2020,0.14396272485385353,0.06132760476599586,0
LTU,Europe & Central Asia,2000,-0.06272612605444827,-0.32154035022392335,1
LTU,Europe & Central Asia,2010,-0.09357548224876311,0.41135585308164124,1
LTU,Europe & Central Asia,2020,-0.10618182140051519,0.3744623303167032,1
LUX,Europe & Central Asia,1970,0.03584491664870626,0.31989442262961987,0
LUX,Europe & Central Asia,1980,0.10665031700039052,0.25546406741252525,0
LUX,Europe & Central Asia,1990,0.07150075912349685,0.48320292861112435,0
LUX,Europe & Central Asia,2000,0.1000507139381206,0.4707455101261928,0
LUX,Europe & Central Asia,2010,0.17049048483433182,0.29113862413204217,0
LUX,Europe & Central Asia,2020,0.22154930562670572,0.20597661979551418,0
LVA,Europe & Central Asia,2000,-0.10618182140051519,-0.30247665650804123,1
LVA,Europe & Central Asia,2010,-0.10618182140051519,0.3840664090214503,1
LVA,Europe & Central Asia,2020,-0.10618182140051519,0.2512701804296995,1
MAC,East Asia & Pacific,2000,0.23595526530996125,0.26367007825236755,0
MAC,East Asia & Pacific,2010,0.39761861869875226,1.0689108154219191,0
MAC,East Asia & Pacific,2020,0.10096015412036685,-0.5406424775581726,0
MAR,Middle East & North Africa,1980,0.34049246425386137,0.5070043561841757,0
MAR,Middle East & North Africa,1990,0.276166826826465,0.46175223976164403,0
MAR,Middle East & North Africa,2000,0.2321845333868957,0.29924343601672376,0
MAR,Middle East & North Africa,2010,0.19404772460132946,0.4823231229099143,0
MAR,Middle East & North Africa,2020,0.1266248668520511,0.23243785871722622,0
MDA,Europe & Central Asia,2000,0.036856677869346655,-0.5424151545223341,0
MDA,Europe & Central Asia,2010,0.06701017755242589,0.5002105631842184,0
MDA,Europe & Central Asia,2020,-0.10596104044432586,0.25740502688742595,1
MDG,Sub-Saharan Africa,1970,0.21309352229937417,0.2959861323749813,0
MDG,Sub-Saharan Africa,1980,0.2858388715099931,0.10026488860106753,0
MDG,Sub-Saharan Africa,1990,0.3021471288658404,0.050926979885197454,0
MDG,Sub-Saharan Africa,2000,0.32003201132817694,0.16913818659655533,0
MDG,Sub-Saharan Africa,2010,0.326114671193265,0.25530736067768345,0
MDG,Sub-Saharan Africa,2020,0.3194946476742402,0.21005320473045686,0
MDV,South Asia,1980,0.3040534737749603,0.5841155233447886,0
MDV,South Asia,1990,0.2644816961992529,1.1168645600816163,0
MDV,South Asia,2000,0.3398288388276516,0.6559338619915636,0
MDV,South Asia,2010,0.47827316522750785,0.44334538186836525,0
MDV,South Asia,2020,0.3860334495024489,0.16959296753836028,0
MEX,Latin America & Caribbean,1970,0.3077817978711934,0.656147840891915,0
MEX,Latin America & Caribbean,1980,0.3202866449279185,0.6425608580461635,0
MEX,Latin America & Caribbean,1990,0.29567976101457916,0.17646020474701274,0
MEX,Latin America & Caribbean,2000,0.2489072570045323,0.3505033198422538,0
MEX,Latin America & Caribbean,2010,0.1971642970658145,0.12122622565495789,0
MEX,Latin America & Caribbean,2020,0.15377355261380288,0.09312582625184618,0
MKD,Europe & Central Asia,2000,0.003547221283300317,-0.09190750279100257,0
MKD,Europe & Central Asia,2010,0.00419471851789055,0.2930350612953241,0
MKD,Europe & Central Asia,2020,-0.06816969204504275,0.17845427189724106,1
MLI,Sub-Saharan Africa,1980,0.13162623008247998,0.39128090666822146,0
MLI,Sub-Saharan Africa,1990,0.1309760023327211,0.07472927216040404,0
MLI,Sub-Saharan Africa,2000,0.24112265911331754,0.37660664821191503,0
MLI,Sub-Saharan Africa,2010,0.31619571328296203,0.5066534248947896,0
MLI,Sub-Saharan Africa,2020,0.32711310757003,0.36928396058104695,0
MLT,Middle East & North Africa,1980,0.09782673537759479,0.941718308404262,0
MLT,Middle East & North Africa,1990,0.10646638977520162,0.38274999345972915,0
MLT,Middle East & North Africa,2000,0.12374718250495143,0.6309067859435871,0
MLT,Middle East & North Africa,2010,0.0815265113789323,0.24964849212791762,0
MLT,Middle East & North Africa,2020,0.14878691089110418,0.5127054604262362,0
MMR,East Asia & Pacific,1970,0.19718526572894746,0.29492685720600775,0
MMR,East Asia & Pacific,1980,0.2225383835363992,0.4546260918570155,0
MMR,East Asia & Pacific,1990,0.23252884384534056,0.1274332903145563,0
MMR,East Asia & Pacific,2000,0.20950539480698538,0.6907068642673089,0
MMR,East Asia & Pacific,2010,0.11372087064162884,1.1311624817208745,0
MMR,East Asia & Pacific,2020,0.12656226985239627,0.498393039202778,0
MNE,Europe & Central Asia,2010,0.035532800415925436,0.32199416636160905,0
MNE,Europe & Central Asia,2020,-0.02178816257405991,0.08227388691546977,1
MNG,East Asia & Pacific,2000,0.23064352185435943,-0.0025266195288224935,0
MNG,East Asia & Pacific,2010,0.21554417440542473,0.6279160053413477,0
MNG,East Asia & Pacific,2020,0.13944352621644285,0.6373544275702088,0
MOZ,Sub-Saharan Africa,1990,0.09180338318701509,0.014864894696241748,0
MOZ,Sub-Saharan Africa,2000,0.334200692115866,0.5878118255397915,0
MOZ,Sub-Saharan Africa,2010,0.24542393701819876,0.7799348349006046,0
MOZ,Sub-Saharan Africa,2020,0.334225098875784,0.4718344480372245,0
MRT,Sub-Saharan Africa,1980,0.3002817024542672,0.163969078495672,0
MRT,Sub-Saharan Africa,1990,0.29289637041174643,0.16386775894822847,0
MRT,Sub-Saharan Africa,2000,0.32477888624736195,0.19472653675241958,0
MRT,Sub-Saharan Africa,2010,0.2746985602250245,0.3730840863327778,0
MRT,Sub-Saharan Africa,2020,0.3061349497755188,0.3667881082142834,0
MUS,Sub-Saharan Africa,1970,0.2516067572283003,0.28331633247137944,0
MUS,Sub-Saharan Africa,1980,0.28085152044054595,0.5712927399232655,0
MUS,Sub-Saharan Africa,1990,0.17924326737641572,0.5845808837230599,0
MUS,Sub-Saharan Africa,2000,0.14096075278449227,0.5118248337575579,0
MUS,Sub-Saharan Africa,2010,0.08571446881159517,0.3976431168441543,0
MUS,Sub-Saharan Africa,2020,0.014646017502489173,0.1682898009498075,0
MWI,Sub-Saharan Africa,1970,0.23115345440678503,0.4574204543909346,0
MWI,Sub-Saharan Africa,1980,0.27452328229611744,0.5987364567047635,0
MWI,Sub-Saharan Africa,1990,0.4455599113691253,0.21776754193883363,0
MWI,Sub-Saharan Africa,2000,0.13610069583801732,0.3383541954068221,0
MWI,Sub-Saharan Africa,2010,0.28237169182635036,0.4639579863231873,0
MWI,Sub-Saharan Africa,2020,0.3351304405926889,0.37203018713810465,0
MYS,East Asia & Pacific,1970,0.3003291725694286,0.6282625894942235,0
MYS,East Asia & Pacific,1980,0.33059011417584827,0.7935715795607869,0
MYS,East Asia & Pacific,1990,0.32234893042800117,0.5806131893717179,0
MYS,East Asia & Pacific,2000,0.3263868086562063,0.6865343108489732,0
MYS,East Asia & Pacific,2010,0.29239763820331177,0.4505083998771795,0
MYS,East Asia & Pacific,2020,0.17829742537837845,0.393140769246628,0
NAM,Sub-Saharan Africa,1990,0.39843523124786095,0.11780977829809203,0
NAM,Sub-Saharan Africa,2000,0.34390419852515386,0.3599972594972449,0
NAM,Sub-Saharan Africa,2010,0.17777239320704474,0.44915637993995716,0
NAM,Sub-Saharan Africa,2020,0.20483245794110516,0.16220821529374874,0
NER,Sub-Saharan Africa,1970,0.2695803769753251,0.27551999696692064,0
NER,Sub-Saharan Africa,1980,0.2861036630651057,0.12317909703716268,0
NER,Sub-Saharan Africa,1990,0.2899443707297511,-0.0042073060800831286,0
NER,Sub-Saharan Africa,2000,0.33147118541850595,0.15813892500017346,0
NER,Sub-Saharan Africa,2010,0.32182771300666957,0.47880439823980225,0
NER,Sub-Saharan Africa,2020,0.3793731657845747,0.5495638080583483,0
NGA,Sub-Saharan Africa,1970,0.19416459214701476,0.43304390860577513,0
NGA,Sub-Saharan Africa,1980,0.24629298765689356,0.46312462523392384,0
NGA,Sub-Saharan Africa,1990,0.24707373213340844,-0.04741270830504263,0
NGA,Sub-Saharan Africa,2000,0.28200386803088406,0.15954661756637378,0
NGA,Sub-Saharan Africa,2010,0.2635515679574425,0.7643122477435931,0
NGA,Sub-Saharan Africa,2020,0.2685881783238848,0.2119060750165147,0
NIC,Latin America & Caribbean,1970,0.2983888869188984,0.6675881912698429,0
NIC,Latin America & Caribbean,1980,0.31871919226517953,0.03486228063832897,0
NIC,Latin America & Caribbean,1990,0.2611505853253675,-0.1366452280931405,0
NIC,Latin America & Caribbean,2000,0.29402801250720145,0.33334200810555004,0
NIC,Latin America & Caribbean,2010,0.233622243214354,0.2889385035101135,0
NIC,Latin America & Caribbean,2020,0.19973390377535516,0.26950537423476817,0
NLD,Europe & Central Asia,1970,0.15037060269995273,0.5297372466774846,0
NLD,Europe & Central Asia,1980,0.1408463944460454,0.2922015127629223,0
NLD,Europe & Central Asia,1990,0.09605387042050495,0.2204513455482804,0
NLD,Europe & Central Asia,2000,0.046811373672209555,0.3245833730966545,0
NLD,Europe & Central Asia,2010,0.02892762879425348,0.13609307715296026,0
NLD,Europe & Central Asia,2020,0.003516106915324002,0.10144888843013788,0
NOR,Europe & Central Asia,1970,0.07300594331796084,0.4096378226282056,0
NOR,Europe & Central Asia,1980,0.059703669475334564,0.4610347110925943,0
NOR,Europe & Central Asia,1990,0.0628585309324432,0.2539000659048263,0
NOR,Europe & Central Asia,2000,0.0577955205570575,0.3636353220297508,0
NOR,Europe & Central Asia,2010,0.1084886777937033,0.15549838499092417,0
NOR,Europe & Central Asia,2020,0.07402437679899698,0.12908533916223064,0
NPL,South Asia,1970,0.18878812316836147,0.2451485729720666,0
NPL,South Asia,1980,0.20661218812825943,0.20559886747712852,0
NPL,South Asia,1990,0.20570760735466642,0.46233775760963525,0
NPL,South Asia,2000,0.24671286773743617,0.4870274805628547,0
NPL,South Asia,2010,0.15079490831617193,0.38400661006200565,0
NPL,South Asia,2020,0.18965206714167593,0.41551781143631317,0
NZL,East Asia & Pacific,1970,0.1921185514134116,0.3369038978091403,0
NZL,East Asia & Pacific,1980,0.15484754691701852,0.2096366405909471,0
NZL,East Asia & Pacific,1990,0.1079289272077677,0.18787537447567004,0
NZL,East Asia & Pacific,2000,0.14445180816518466,0.30321812436246987,0
NZL,East Asia & Pacific,2010,0.13514543862807216,0.26024972681189595,0
NZL,East Asia & Pacific,2020,0.12013482257420627,0.2677348826001982,0
OMN,Middle East & North Africa,1970,0.168455835364405,1.226875268444682,0
OMN,Middle East & North Africa,1980,0.44919931718177075,0.5365573436168241,0
OMN,Middle East & North Africa,1990,0.5781592019484769,0.8592543054390269,0
OMN,Middle East & North Africa,2000,0.4035632218415053,0.4361777582344004,0
OMN,Middle East & North Africa,2010,0.3758605507543322,0.3246640974119437,0
OMN,Middle East & North Africa,2020,0.5179429355063405,0.24552997799697707,0
PAK,South Asia,1970,0.20556045366585352,0.6972803963660503,0
PAK,South Asia,1980,0.2969491188933908,0.457643258103019,0
PAK,South Asia,1990,0.3559145583615688,0.6093237198710995,0
PAK,South Asia,2000,0.32278717271470114,0.38643120593084035,0
PAK,South Asia,2010,0.3112043993415874,0.43199131406321456,0
PAK,South Asia,2020,0.18419429194694104,0.3592563297904654,0
PAN,Latin America & Caribbean,1970,0.2893087335941473,0.7667822980026777,0
PAN,Latin America & Caribbean,1980,0.3078843230829076,0.5182597270803484,0
PAN,Latin America & Caribbean,1990,0.30184068789148455,0.13573830284970967,0
PAN,Latin America & Caribbean,2000,0.25446036200804656,0.5542549435016326,0
PAN,Latin America & Caribbean,2010,0.2135528690375974,0.6316838965722589,0
PAN,Latin America & Caribbean,2020,0.18140042736130013,0.3355806520809743,0
PER,Latin America & Caribbean,1970,0.2730223460382515,0.5131589871941387,0
PER,Latin America & Caribbean,1980,0.2904710997086237,0.360673818446795,0
PER,Latin America & Caribbean,1990,0.296077459051034,-0.10102350314008035,0
PER,Latin America & Caribbean,2000,0.24207060011265114,0.3830765615849856,0
PER,Latin America & Caribbean,2010,0.15101367995674408,0.5420232481540523,0
PER,Latin America & Caribbean,2020,0.15059522752875765,0.24230906116249784,0
PHL,East Asia & Pacific,1970,0.2954484289642032,0.48166176551435314,0
PHL,East Asia & Pacific,1980,0.3081526357353894,0.5700513761719606,0
PHL,East Asia & Pacific,1990,0.28102892316282535,0.17709878886038766,0
PHL,East Asia & Pacific,2000,0.2772030872798581,0.28756912863028106,0
PHL,East Asia & Pacific,2010,0.25545271560925187,0.4706518992721449,0
PHL,East Asia & Pacific,2020,0.1999116090196722,0.4498892626263675,0
PNG,East Asia & Pacific,1970,0.20635568143666028,0.6631750225764605,0
PNG,East Asia & Pacific,1980,0.21890412995879593,0.24686776508249153,0
PNG,East Asia & Pacific,1990,0.24392895928435543,0.12514899917820443,0
PNG,East Asia & Pacific,2000,0.39125272118583965,0.4015169172582169,0
PNG,East Asia & Pacific,2010,0.34051258015512076,0.3942059367906161,0
PNG,East Asia & Pacific,2020,0.2969624587740256,0.38182329908801904,0
POL,Europe & Central Asia,2000,0.05621494554926798,0.3741023343450962,0
POL,Europe & Central Asia,2010,0.0357504936935662,0.3729728564759043,0
POL,Europe & Central Asia,2020,-0.07143211667532867,0.319772763309242,1
PRI,Latin America & Caribbean,1970,0.23053748058681123,0.7406985231923535,0
PRI,Latin America & Caribbean,1980,0.22594971719343526,0.5177390920618059,0
PRI,Latin America & Caribbean,1990,0.13962184787540188,0.23562390801279776,0
PRI,Latin America & Caribbean,2000,0.10603161404901762,0.40734714386860205,0
PRI,Latin America & Caribbean,2010,-0.00408928982946577,0.06631602966111672,1
PRI,Latin America & Caribbean,2020,-0.10618182140051519,-0.14157528859833945,1
PRT,Europe & Central Asia,1970,-0.03822920671548857,0.6141715400966667,1
PRT,Europe & Central Asia,1980,0.13591006949538276,0.46313420126687177,0
PRT,Europe & Central Asia,1990,0.07002393101370252,0.31997372281386305,0
PRT,Europe & Central Asia,2000,0.05782881646167226,0.2847280048868548,0
PRT,Europe & Central Asia,2010,0.007621493403162205,0.07267086180919691,0
PRT,Europe & Central Asia,2020,-0.05675911965517777,-0.022398091424161493,1
PRY,Latin America & Caribbean,1970,0.27006384596615973,0.49787570706686424,0
PRY,Latin America & Caribbean,1980,0.30875406431042585,0.853160889202659,0
PRY,Latin America & Caribbean,1990,0.29440190409457934,0.40125150271195764,0
PRY,Latin America & Caribbean,2000,0.2808115999984402,0.23783761063193865,0
PRY,Latin America & Caribbean,2010,0.19609470370256687,0.35988548758639993,0
PRY,Latin America & Caribbean,2020,0.17706351180899915,0.3033895141642553,0
PSE,Middle East & North Africa,2010,0.3540047786931755,0.44267528329189076,0
PSE,Middle East & North Africa,2020,0.29313904297422333,0.2363669319020545,0
PYF,East Asia & Pacific,1980,0.4238889289632759,0.4927462015290587,0
PYF,East Asia & Pacific,1990,0.3272061162475204,0.2040891312608224,0
PYF,East Asia & Pacific,2000,0.21950467072448632,0.04737512034006741,0
PYF,East Asia & Pacific,2010,0.19202773938283002,-0.003563491723362233,0
PYF,East Asia & Pacific,2020,0.06825779908542984,-0.01413324218911427,0
QAT,Middle East & North Africa,1980,0.5787179184567375,0.5476810737789428,0
QAT,Middle East & North Africa,1990,0.5486727933174933,0.14716014008952882,0
QAT,Middle East & North Africa,2000,0.4105628414045075,0.6457919642556185,0
QAT,Middle East & North Africa,2010,0.5787179184567375,1.226875268444682,0
QAT,Middle East & North Africa,2020,0.4580546298121533,0.3222293985698066,0
ROU,Europe & Central Asia,2000,-0.0031775694293223467,-0.12720920156198545,1
ROU,Europe & Central Asia,2010,-0.09303788973591409,0.41376454767917537,1
ROU,Europe & Central Asia,2020,-0.09123855502858191,0.2987366867968113,1
RUS,Europe & Central Asia,2000,0.027741567314432558,-0.3976090468985234,0
RUS,Europe & Central Asia,2010,0.012444942233234002,0.47158140746577715,0
RUS,Europe & Central Asia,2020,-0.0656793444281405,0.128928562310886,1
RWA,Sub-Saharan Africa,1970,0.276340183196611,0.2597971108606245,0
RWA,Sub-Saharan Africa,1980,0.3018885245138634,0.5244495079037961,0
RWA,Sub-Saharan Africa,1990,0.30763428611997057,0.20110947093102993,0
RWA,Sub-Saharan Africa,2000,0.18338777294253106,0.008222839434196771,0
RWA,Sub-Saharan Africa,2010,0.29720634278109337,0.7876308071235698,0
RWA,Sub-Saharan Africa,2020,0.28278617915323245,0.5843986797500627,0
SAU,Middle East & North Africa,1970,0.36542305722577595,1.2259454559913259,0
SAU,Middle East & North Africa,1980,0.5309425357941606,0.9706954289740608,0
SAU,Middle East & North Africa,1990,0.4859829569298455,-0.2421341918867448,0
SAU,Middle East & North Africa,2000,0.36052735601749575,0.2662204176679026,0
SAU,Middle East & North Africa,2010,0.4451370713239271,0.37456796184296337,0
SAU,Middle East & North Africa,2020,0.2700097842535527,0.3191778752236658,0
SDN,Sub-Saharan Africa,1970,0.285164779214103,0.1610540137007881,0
SDN,Sub-Saharan Africa,1980,0.3740975031329139,0.34781032452583105,0
SDN,Sub-Saharan Africa,1990,0.2660758849544749,0.24544263031563673,0
SDN,Sub-Saharan Africa,2000,0.2506879244985498,0.6090001499401119,0
SDN,Sub-Saharan Africa,2010,0.2601095340623587,0.4539027368971489,0
SDN,Sub-Saharan Africa,2020,0.32710425352857797,-0.18022005376618466,0
SEN,Sub-Saharan Africa,1970,0.27882991737244467,0.1894035951959907,0
SEN,Sub-Saharan Africa,1980,0.22796338048560827,0.2415100285797287,0
SEN,Sub-Saharan Africa,1990,0.2614858982914683,0.2568279016034758,0
SEN,Sub-Saharan Africa,2000,0.2910363953506785,0.31203030385152175,0
SEN,Sub-Saharan Africa,2010,0.2865315332708267,0.3326868267954559,0
SEN,Sub-Saharan Africa,2020,0.2896346814153219,0.45020404984085616,0
SGP,East Asia & Pacific,1970,0.28731674390109596,0.8923935756634762,0
SGP,East Asia & Pacific,1980,0.3158291350775677,0.8417872079378945,0
SGP,East Asia & Pacific,1990,0.29966286540200215,0.7444611508369228,0
SGP,East Asia & Pacific,2000,0.2548641026730589,0.6839626773532999,0
SGP,East Asia & Pacific,2010,0.26513873561349754,0.5659705254799903,0
SGP,East Asia & Pacific,2020,0.07224057070989787,0.3073056480624494,0
SLB,East Asia & Pacific,1990,0.37308394395231126,0.12785671242811958,0
SLB,East Asia & Pacific,2000,0.3473868849917139,0.25175318395180213,0
SLB,East Asia & Pacific,2010,0.24082408503224073,0.3545099047922058,0
SLB,East Asia & Pacific,2020,0.2954891190526716,0.2699086545367173,0
SLE,Sub-Saharan Africa,1970,0.16423474100583668,0.41496766251694694,0
SLE,Sub-Saharan Africa,1980,0.13262934050766972,0.2274700396639382,0
SLE,Sub-Saharan Africa,1990,0.2241600326341633,0.08829881194681022,0
SLE,Sub-Saharan Africa,2000,0.07521034729634302,-0.25809938301849655,0
SLE,Sub-Saharan Africa,2010,0.34958762420426126,0.5574597047411203,0
SLE,Sub-Saharan Africa,2020,0.2993756398055165,0.35273329768124384,0
SLV,Latin America & Caribbean,1980,0.25007692390625635,0.1771120008133522,0
SLV,Latin America & Caribbean,1990,0.2293642611859319,0.012704199167846042,0
SLV,Latin America & Caribbean,2000,0.1427448445335049,0.3291174933609433,0
SLV,Latin America & Caribbean,2010,0.08187017592534573,0.1572855874068395,0
SLV,Latin America & Caribbean,2020,0.08364843425263047,0.1409676037738734,0
SOM,Sub-Saharan Africa,1970,0.24242800784802832,0.13112679646300762,0
SOM,Sub-Saharan Africa,1980,0.4506128263646829,0.30720647459317263,0
SOM,Sub-Saharan Africa,1990,0.16944840042122777,0.2565516053121186,0
SOM,Sub-Saharan Africa,2000,0.16771964482302515,0.1142765288396177,0
SOM,Sub-Saharan Africa,2010,0.31129233955025093,0.6751696739159243,0
SOM,Sub-Saharan Africa,2020,0.34805060083906625,0.644433195541847,0
STP,Sub-Saharan Africa,1980,0.22461882174295766,0.5941996876225204,0
STP,Sub-Saharan Africa,1990,0.2032343615960226,-0.15210928334939666,0
STP,Sub-Saharan Africa,2000,0.23589790542985511,0.15007951525688767,0
STP,Sub-Saharan Africa,2010,0.2742854734542668,0.46972106080363574,0
STP,Sub-Saharan Africa,2020,0.24476256797084872,0.34138951228515424,0
SUR,Latin America & Caribbean,1970,0.3393079270704522,0.7496969585347841,0
SUR,Latin America & Caribbean,1980,0.1445003531833322,0.1929316811469448,0
SUR,Latin America & Caribbean,1990,0.1875104247133894,0.0006925452915957919,0
SUR,Latin America & Caribbean,2000,0.16079364910441107,0.08952678098457412,0
SUR,Latin America & Caribbean,2010,0.17701330288303474,0.48230698709155106,0
SUR,Latin America & Caribbean,2020,0.1340539486876633,-0.06884476923437077,0
SVK,Europe & Central Asia,2000,0.08607304170017294,0.06220195226386238,0
SVK,Europe & Central Asia,2010,0.04608251561593235,0.4843452969266231,0
SVK,Europe & Central Asia,2020,-0.050884715417064186,0.20883185633150347,1
SVN,Europe & Central Asia,2000,0.016423653051376164,0.1658317563640601,0
SVN,Europe & Central Asia,2010,0.017872707226686657,0.2655694823097434,0
SVN,Europe & Central Asia,2020,-0.05439674584014753,0.1355231024978103,1
SWE,Europe & Central Asia,1970,0.06663206418731527,0.45349925993571105,0
SWE,Europe & Central Asia,1980,0.011569864795196949,0.1939696023375106,0
SWE,Europe & Central Asia,1990,0.031964380094571254,0.21710873633961114,0
SWE,Europe & Central Asia,2000,0.0363013714349929,0.2105465650334537,0
SWE,Europe & Central Asia,2010,0.07089817394043685,0.2037606956194935,0
SWE,Europe & Central Asia,2020,0.04605244341188275,0.16746286290207735,0
SWZ,Sub-Saharan Africa,1980,0.2687746860132041,0.6037534073730377,0
SWZ,Sub-Saharan Africa,1990,0.37447692141718925,0.8851172943057399,0
SWZ,Sub-Saharan Africa,2000,0.2503357386484133,0.29113803668002447,0
SWZ,Sub-Saharan Africa,2010,0.1539371560378111,0.36566661232122044,0
SWZ,Sub-Saharan Africa,2020,0.11777000710934438,0.2324091775297248,0
SYC,Sub-Saharan Africa,1970,0.15990463591693072,0.4670407860177406,0
SYC,Sub-Saharan Africa,1980,0.25438241877515466,0.7122880354087187,0
SYC,Sub-Saharan Africa,1990,0.13649746300726484,0.350365914999184,0
SYC,Sub-Saharan Africa,2000,0.2562631456707454,0.44208768302232926,0
SYC,Sub-Saharan Africa,2010,0.19000718919739867,0.15197693262767942,0
SYC,Sub-Saharan Africa,2020,0.0687569032537283,0.4177731305459851,0
SYR,Middle East & North Africa,1970,0.2962829223470802,0.5332001098853958,0
SYR,Middle East & North Africa,1980,0.3316696851423089,0.9210718461077008,0
SYR,Middle East & North Africa,1990,0.369596528597782,0.12477814064922299,0
SYR,Middle East & North Africa,2000,0.3821719198409834,0.572033623673164,0
SYR,Middle East & North Africa,2010,0.3927152956506461,0.5020922637909102,0
SYR,Middle East & North Africa,2020,-0.06049870735507312,-0.5424151545223341,1
TCD,Sub-Saharan Africa,1970,0.16244290106366677,0.10038316299089445,0
TCD,Sub-Saharan Africa,1980,0.14235952363769044,-0.22107285159970758,0
TCD,Sub-Saharan Africa,1990,0.23683081146244866,0.5086456699371098,0
TCD,Sub-Saharan Africa,2000,0.327782663628458,0.22523180160474965,0
TCD,Sub-Saharan Africa,2010,0.3762334396521734,0.9588784715200696,0
TCD,Sub-Saharan Africa,2020,0.383961782784219,0.25753344342525963,0
TGO,Sub-Saharan Africa,1970,0.25887308372769446,0.7981992437099059,0
TGO,Sub-Saharan Africa,1980,0.2222721405134127,0.4167832292741167,0
TGO,Sub-Saharan Africa,1990,0.3141727814368771,0.1047763337656491,0
TGO,Sub-Saharan Africa,2000,0.31293961680506754,0.21623807831086594,0
TGO,Sub-Saharan Africa,2010,0.2901533393336724,0.21706622192257896,0
TGO,Sub-Saharan Africa,2020,0.28147514995184686,0.47923771637507073,0
THA,East Asia & Pacific,1970,0.26984298289113795,0.784420495378388,0
THA,East Asia & Pacific,1980,0.3240807584155654,0.6631666300604664,0
THA,East Asia & Pacific,1990,0.32726734436237237,0.7556700912067811,0
THA,East Asia & Pacific,2000,0.19516423953886175,0.4300919776966161,0
THA,East Asia & Pacific,2010,0.11352808913638412,0.4490147072013251,0
THA,East Asia & Pacific,2020,0.030002545688287086,0.22004863381772566,0
TJK,Europe & Central Asia,2000,0.17531134846651497,-0.5424151545223341,0
TJK,Europe & Central Asia,2010,0.31599279746419917,0.7813279752845297,0
TJK,Europe & Central Asia,2020,0.2246240890980662,0.6614190056777005,0
TKM,Europe & Central Asia,2000,0.27186926441785,-0.24067596251158108,0
TKM,Europe & Central Asia,2010,0.2519570661981483,0.7419543789641025,0
TKM,Europe & Central Asia,2020,0.1418890397980359,0.802248409004175,0
TLS,East Asia & Pacific,2000,-0.08087946434838678,0.5478782704792202,1
TLS,East Asia & Pacific,2010,0.2945110970202798,0.4428501107125271,0
TLS,East Asia & Pacific,2020,0.2118678770706861,0.6891791209522289,0
TON,East Asia & Pacific,2000,0.03344651401671861,0.28733749421972377,0
TON,East Asia & Pacific,2010,0.062172272269998885,-0.011609259096751146,0
TON,East Asia & Pacific,2020,0.030692175647081044,0.22448960778621085,0
TTO,Latin America & Caribbean,1970,0.167362174271382,0.4658792068957318,0
TTO,Latin America & Caribbean,1980,0.2397592138292559,0.5140691259338901,0
TTO,Latin America & Caribbean,1990,0.11743550404455938,-0.24132745596303806,0
TTO,Latin America & Caribbean,2000,0.1633165702445254,0.5560213927878941,0
TTO,Latin America & Caribbean,2010,0.10153671336407122,0.5804800539650259,0
TTO,Latin America & Caribbean,2020,0.0426256701225185,-0.09802417355912496,0
TUN,Middle East & North Africa,1980,0.32825254858033404,0.710874392647856,0
TUN,Middle East & North Africa,1990,0.3128690351400678,0.3501475536147183,0
TUN,Middle East & North Africa,2000,0.2542695675393567,0.4631997346035881,0
TUN,Middle East & North Africa,2010,0.17854989951275257,0.4079288418873226,0
TUN,Middle East & North Africa,2020,0.07830442824860029,0.06516613924715386,0
TZA,Sub-Saharan Africa,1970,0.29369540955873674,-0.111808883703862,0
TZA,Sub-Saharan Africa,1980,0.33987064269672196,0.3324725765145118,0
TZA,Sub-Saharan Africa,1990,0.314294696188238,0.31602568848787627,0
TZA,Sub-Saharan Africa,2000,0.2901774932161949,0.2961614775076029,0
TZA,Sub-Saharan Africa,2010,0.26140841700108197,0.6333833579015646,0
TZA,Sub-Saharan Africa,2020,0.3327918910810155,0.5696855739856836,0
UGA,Sub-Saharan Africa,2000,0.28083530182109584,0.6316405501011815,0
UGA,Sub-Saharan Africa,2010,0.31223136626633874,0.7115803743095839,0
UGA,Sub-Saharan Africa,2020,0.36983756303822446,0.4931950069038251,0
UKR,Europe & Central Asia,2000,-0.019943418954362357,-0.5424151545223341,1
UKR,Europe & Central Asia,2010,-0.05403918863531132,0.41912542879210335,1
UKR,Europe & Central Asia,2020,-0.09058817121635698,-0.07910602897084473,1
URY,Latin America & Caribbean,1970,0.08595121837427122,0.13665521250234391,0
URY,Latin America & Caribbean,1980,0.0466478731747344,0.2970008070229362,0
URY,Latin America & Caribbean,1990,0.05061575238664595,-0.0025685458236850423,0
URY,Latin America & Caribbean,2000,0.05474301781152846,0.3387171185998845,0
URY,Latin America & Caribbean,2010,0.03721837283710627,0.2986620543949421,0
URY,Latin America & Caribbean,2020,0.03553732573321966,0.13448818699208687,0
USA,North America,1970,0.15338535615642357,0.41067048554808494,0
USA,North America,1980,0.16426957419139043,0.311215373830926,0
USA,North America,1990,0.09313329693841155,0.3260727890791699,0
USA,North America,2000,0.1269005478579892,0.33781055764011114,0
USA,North America,2010,0.10511057650418465,0.1748751708952092,0
USA,North America,2020,0.0374916088310826,0.18825423063300661,0
UZB,Europe & Central Asia,2000,0.2350067048064055,-0.02004032915046494,0
UZB,Europe & Central Asia,2010,0.2799591255725531,0.6597313837985688,0
UZB,Europe & Central Asia,2020,0.191744826212922,0.5836332519836347,0
VEN,Latin America & Caribbean,1970,0.3156574993524295,0.49295279571047246,0
VEN,Latin America & Caribbean,1980,0.3799508935935183,0.2659990235974341,0
VEN,Latin America & Caribbean,1990,0.30682397530556926,0.05069921435346103,0
VEN,Latin America & Caribbean,2000,0.2642578724846203,0.20678448975008124,0
VEN,Latin America & Caribbean,2010,0.21320024536662174,0.3080122144760402,0
VEN,Latin America & Caribbean,2020,0.012717338772606723,-0.5424151545223341,0
VNM,East Asia & Pacific,2000,0.2506909988573973,0.7302874885591422,0
VNM,East Asia & Pacific,2010,0.2205518199999439,0.6397323518160114,0
VNM,East Asia & Pacific,2020,0.08952929817120392,0.6026876988563892,0
VUT,East Asia & Pacific,1990,0.24603166258020792,0.27137631178441524,0
VUT,East Asia & Pacific,2000,0.2897748420576569,0.30429382829303364,0
VUT,East Asia & Pacific,2010,0.2925266886498168,0.251332577595317,0
VUT,East Asia & Pacific,2020,0.2735796580152474,0.19648599745767825,0
WSM,East Asia & Pacific,1980,0.23059013928827632,0.24273382720698677,0
WSM,East Asia & Pacific,1990,0.10930160594951843,-0.013685339325494539,0
WSM,East Asia & Pacific,2000,0.07221638501262362,0.22251515407007005,0
WSM,East Asia & Pacific,2010,0.08958942795513103,0.38667987343248456,0
WSM,East Asia & Pacific,2020,0.12625621769633533,0.14180123509060039,0
ZAF,Sub-Saharan Africa,1970,0.30020986579739883,0.5554978179442145,0
ZAF,Sub-Saharan Africa,1980,0.28835212442748315,0.3314652874585313,0
ZAF,Sub-Saharan Africa,1990,0.33723098436567156,0.14987943016130245,0
ZAF,Sub-Saharan Africa,2000,0.2437617576690343,0.18006629679151231,0
ZAF,Sub-Saharan Africa,2010,0.1405418344818372,0.3406034310149124,0
ZAF,Sub-Saharan Africa,2020,0.14268186131472405,0.07910211177404491,0
ZMB,Sub-Saharan Africa,1970,0.2790060127474714,0.36350793434544926,0
ZMB,Sub-Saharan Africa,1980,0.27790961057300123,0.13526510491021781,0
ZMB,Sub-Saharan Africa,1990,0.31198842715450503,0.10352998233909716,0
ZMB,Sub-Saharan Africa,2000,0.2632917475960692,0.1638821063905347,0
ZMB,Sub-Saharan Africa,2010,0.3268834655810018,0.7182096268085196,0
ZMB,Sub-Saharan Africa,2020,0.3751780449670843,0.34854248684702327,0
ZWE,Sub-Saharan Africa,1970,0.25724842503213097,0.6084732563401367,0
ZWE,Sub-Saharan Africa,1980,0.28820222027047215,0.30906443757496405,0
ZWE,Sub-Saharan Africa,1990,0.4185894114316735,0.4308856099212157,0
ZWE,Sub-Saharan Africa,2000,0.22271201982821687,0.17393157321912867,0
ZWE,Sub-Saharan Africa,2010,0.10555972935772218,-0.34639239416443246,0
ZWE,Sub-Saharan Africa,2020,0.22271061510802248,0.3035606155297934,0
