,mean,sd,hdi_3%,hdi_97%,ESS_bulk,ESS_tail,R_hat
alpha0,10.106018,0.215334,9.664068,10.497159,709.637292,817.900181,1.00408
beta0,0.772271,0.058437,0.662925,0.882923,1810.089693,2499.923875,1.004284
theta[0],-0.389617,0.170284,-0.717397,-0.073458,1779.862465,3605.272247,1.001586
theta[1],0.652386,0.156941,0.349219,0.9431,1715.809234,2547.858998,1.001637
theta[2],-0.367611,0.124132,-0.603563,-0.13484,1527.665633,2534.753338,1.002628
theta[3],0.219133,0.100007,0.030313,0.407283,1500.715268,2073.967076,1.003123
theta[4],-0.105952,0.089326,-0.274622,0.068385,1517.901285,1982.673445,1.003019
theta[5],-0.006581,0.086943,-0.172185,0.157392,1599.919575,2064.407392,1.003278
theta[6],-0.010832,0.087226,-0.175004,0.154343,1641.000486,2003.397127,1.002747
theta[7],-0.00011,0.090503,-0.167621,0.173182,1745.221228,2115.754314,1.002627
theta[8],0.000474,0.095983,-0.174912,0.182825,1862.525639,2343.927719,1.00201
theta[9],0.107402,0.132281,-0.133959,0.358195,2060.35587,2984.495182,1.001076
theta[10],-0.141796,0.156015,-0.430589,0.152663,2401.859562,3104.61638,1.001547
theta[11],0.024228,0.178589,-0.304513,0.362249,2288.740937,3191.92767,1.001967
delta_washare,0.079351,0.005208,0.069512,0.089076,5934.381433,8757.398433,1.000391
delta_olddep,0.024228,0.006553,0.012044,0.036495,4968.05417,6480.320244,1.000437
z_alpha_region[East Asia & Pacific],-0.138283,0.421521,-0.867793,0.684741,837.069493,1291.186952,1.002913
z_alpha_region[Europe & Central Asia],0.513704,0.462575,-0.351963,1.349697,812.090663,1251.653021,1.001822
z_alpha_region[Latin America & Caribbean],0.072076,0.432068,-0.693457,0.936609,725.416846,1206.394579,1.003841
z_alpha_region[Middle East & North Africa],0.508968,0.474616,-0.401581,1.39065,902.468631,1290.089156,1.003974
z_alpha_region[North America],1.408768,0.65596,0.135087,2.620026,1679.842326,2540.858432,1.003238
z_alpha_region[South Asia],-1.026421,0.535406,-2.008237,-0.056251,1048.996468,1631.674073,1.003031
z_alpha_region[Sub-Saharan Africa],-1.287379,0.557741,-2.335255,-0.239463,847.026985,956.493244,1.004264
tau0,0.335863,0.037106,0.268248,0.398996,2060.268982,2330.746531,1.006421
z_tau_region[East Asia & Pacific],0.795689,0.384046,0.082462,1.527516,2559.185696,3610.587524,1.003769
z_tau_region[Europe & Central Asia],1.861125,0.55435,0.872663,2.936261,2412.433417,3581.400646,1.001756
z_tau_region[Latin America & Caribbean],0.235573,0.381637,-0.483218,0.938284,2371.1232,3579.216832,1.005304
z_tau_region[Middle East & North Africa],-0.445955,0.477643,-1.317533,0.450811,2161.982421,2804.575235,1.005452
z_tau_region[North America],0.284037,0.400771,-0.484129,1.006897,2697.134763,4851.668414,1.004621
z_tau_region[South Asia],0.133605,0.399745,-0.606759,0.861906,2440.746498,3910.725075,1.00481
z_tau_region[Sub-Saharan Africa],-0.962082,0.583923,-2.056612,0.106811,2013.875293,2249.721683,1.005644
z_alpha_country[Afghanistan],-1.088144,0.352417,-1.746845,-0.422407,1702.190588,2555.09318,1.001853
z_alpha_country[Albania],-1.387425,0.183369,-1.730858,-1.045353,1612.676263,1863.81723,1.003508
z_alpha_country[Algeria],-0.485444,0.240204,-0.934814,-0.041536,1921.864083,2806.914023,1.003004
z_alpha_country[Angola],0.477821,0.216073,0.080422,0.896033,2164.981886,4033.650444,1.002482
z_alpha_country[Antigua and Barbuda],0.170987,0.224269,-0.252088,0.586093,1500.311175,2677.749581,1.001844
z_alpha_country[Argentina],0.780725,0.204104,0.398958,1.160588,1183.632804,1639.874163,1.002675
z_alpha_country[Armenia],-1.853313,0.19889,-2.223518,-1.474926,1601.380887,1856.027937,1.002612
z_alpha_country[Aruba],0.69423,0.224862,0.274453,1.119234,1490.845383,2156.607192,1.001661
z_alpha_country[Australia],2.079456,0.220987,1.674763,2.498989,1565.711956,1628.831585,1.00153
z_alpha_country[Austria],1.212321,0.17104,0.893141,1.539053,1541.487788,1581.187887,1.00393
z_alpha_country[Azerbaijan],-1.534475,0.21271,-1.927782,-1.12626,2034.820183,2716.252958,1.002018
z_alpha_country[Bahrain],0.78496,0.241589,0.325,1.22914,1799.997749,2641.251024,1.004837
z_alpha_country[Bangladesh],-0.189737,0.348235,-0.870839,0.431736,1588.980504,2568.258931,1.002368
z_alpha_country[Barbados],0.543978,0.200897,0.167515,0.915386,1313.404767,1960.300586,1.0021
z_alpha_country[Belarus],-1.011651,0.176307,-1.336617,-0.667699,1623.006814,2096.566302,1.002856
z_alpha_country[Belgium],1.284586,0.172412,0.960443,1.614796,1503.463134,1513.632779,1.003459
z_alpha_country[Belize],-0.320915,0.201454,-0.698803,0.053289,1258.029355,1967.050114,1.001542
z_alpha_country[Benin],-0.370015,0.157489,-0.669218,-0.084963,1276.416365,2236.491534,1.004438
z_alpha_country[Bhutan],-0.068771,0.357187,-0.737076,0.618228,1765.587063,2511.400347,1.001117
z_alpha_country[Bolivia],-0.902619,0.193153,-1.264628,-0.541707,1080.502848,1174.332126,1.001674
z_alpha_country[Bosnia and Herzegovina],-1.338168,0.182846,-1.67845,-0.993718,1631.002722,2068.136064,1.003747
z_alpha_country[Botswana],1.142639,0.176659,0.811631,1.470859,1400.641318,1774.901725,1.003013
z_alpha_country[Brazil],0.629218,0.224143,0.207375,1.044884,1295.545046,1898.186076,1.002494
z_alpha_country[Brunei Darussalam],1.559903,0.215823,1.153041,1.964002,1741.118736,1671.358738,1.002425
z_alpha_country[Bulgaria],-0.801628,0.173269,-1.136885,-0.483162,1683.928998,2178.486348,1.003989
z_alpha_country[Burkina Faso],-0.629996,0.160486,-0.92983,-0.328759,1249.426929,2020.408845,1.004778
z_alpha_country[Burundi],-1.154256,0.167562,-1.475516,-0.845294,1313.71369,1931.673772,1.003558
z_alpha_country[Cabo Verde],0.634298,0.177843,0.291426,0.959153,1481.629767,2096.534322,1.00226
z_alpha_country[Cambodia],-1.602563,0.204028,-1.9853,-1.223647,1549.931258,1883.915691,1.001703
z_alpha_country[Cameroon],0.303494,0.162536,-0.001347,0.602078,1248.6241,1946.391283,1.004931
z_alpha_country[Canada],0.581599,0.671011,-0.733789,1.770927,1599.15473,2263.608554,1.003674
z_alpha_country[Central African Republic],-0.883367,0.163096,-1.193779,-0.586629,1298.67938,1831.032078,1.00371
z_alpha_country[Chad],-0.623538,0.159501,-0.930562,-0.336931,1254.562146,2011.523255,1.004645
z_alpha_country[Channel Islands],1.041117,0.208951,0.660771,1.44222,2123.891488,2564.829245,1.002957
z_alpha_country[Chile],0.590124,0.190723,0.229684,0.933605,1108.253057,1465.142133,1.002662
z_alpha_country[China],-0.415501,0.281801,-0.949194,0.102341,2040.399118,3718.148507,1.002666
z_alpha_country[Colombia],0.13047,0.194849,-0.233239,0.489666,1104.373076,1615.613991,1.002462
z_alpha_country[Comoros],0.08891,0.171356,-0.226075,0.412733,1495.624208,2562.671485,1.002425
"z_alpha_country[Congo, Dem. Rep.]",-1.029151,0.18404,-1.376011,-0.68213,1457.419003,2443.47641,1.004384
z_alpha_country[Costa Rica],0.061886,0.18467,-0.29282,0.392057,1074.401534,1572.020922,1.002299
z_alpha_country[Cote d'Ivoire],0.480825,0.162789,0.177807,0.779977,1235.39494,1889.182937,1.005097
z_alpha_country[Croatia],-0.226505,0.163564,-0.52669,0.086567,1683.600484,2147.438999,1.004588
z_alpha_country[Cuba],0.188483,0.189936,-0.157875,0.546099,1127.024478,1659.491978,1.002327
z_alpha_country[Curacao],0.279403,0.226214,-0.146261,0.702606,1565.763012,2958.049571,1.001129
z_alpha_country[Cyprus],0.233879,0.16807,-0.076313,0.548734,1751.55072,2280.42532,1.006017
z_alpha_country[Czechia],0.158502,0.162205,-0.148873,0.464989,1647.637013,2101.227214,1.004236
z_alpha_country[Denmark],1.356644,0.171626,1.023921,1.676237,1519.269732,1449.029031,1.003361
z_alpha_country[Djibouti],-1.698789,0.26245,-2.185919,-1.211997,1727.267259,1969.950008,1.004344
z_alpha_country[Dominican Republic],-0.206675,0.186587,-0.552278,0.141904,1071.242634,1515.546177,1.002157
z_alpha_country[Ecuador],-0.034619,0.187463,-0.384212,0.310847,1076.777483,1532.258045,1.002251
z_alpha_country[El Salvador],-0.492695,0.186937,-0.846408,-0.151286,1059.598115,1309.975521,1.00198
z_alpha_country[Equatorial Guinea],-0.332978,0.180638,-0.67601,0.005444,1634.179233,3237.305759,1.002208
z_alpha_country[Eritrea],-1.041345,0.171916,-1.370915,-0.728816,1426.405838,2036.741452,1.002633
z_alpha_country[Estonia],-0.428564,0.173091,-0.740896,-0.090996,1822.495228,2800.288991,1.005655
z_alpha_country[Eswatini],0.599528,0.168132,0.27283,0.899752,1405.286857,2109.533593,1.00287
z_alpha_country[Ethiopia],-0.545511,0.173191,-0.866969,-0.220193,1309.000996,2267.013029,1.005198
z_alpha_country[Fiji],-0.126039,0.191744,-0.479521,0.23296,1822.634771,2686.252167,1.001911
z_alpha_country[Finland],1.142909,0.168556,0.821651,1.460661,1564.646035,1584.638688,1.004481
z_alpha_country[France],1.48173,0.188863,1.119261,1.82658,1504.156279,1518.669222,1.002341
z_alpha_country[French Polynesia],1.351412,0.213902,0.939409,1.737231,1772.574378,1781.386529,1.002236
z_alpha_country[Gabon],1.56657,0.187973,1.224593,1.919035,1390.862524,1484.383061,1.002908
z_alpha_country[Georgia],-1.679976,0.191911,-2.039349,-1.319962,1570.860499,1867.803082,1.003114
z_alpha_country[Germany],1.514994,0.194809,1.149673,1.872946,1524.54588,1617.313834,1.002113
z_alpha_country[Ghana],0.118656,0.16092,-0.186537,0.411174,1244.9526,2111.062426,1.004982
z_alpha_country[Greece],0.774779,0.163765,0.456289,1.077148,1549.718743,1627.728789,1.004416
z_alpha_country[Grenada],-0.441368,0.214082,-0.834874,-0.032721,1341.911497,1925.955055,1.001364
z_alpha_country[Guam],1.042273,0.220682,0.633179,1.458232,1938.291093,2126.967993,1.002705
z_alpha_country[Guatemala],-0.403414,0.188474,-0.75385,-0.051152,1067.371759,1388.645411,1.002089
z_alpha_country[Guinea],-0.015738,0.164784,-0.328261,0.287878,1373.226918,2412.005904,1.004457
z_alpha_country[Guinea-Bissau],-0.33392,0.166697,-0.642521,-0.02218,1466.254594,2672.458803,1.002533
z_alpha_country[Guyana],-0.653778,0.195849,-1.016773,-0.289647,1179.062369,1703.323476,1.001376
z_alpha_country[Haiti],-1.554506,0.205264,-1.934663,-1.170945,1089.069104,1128.66352,1.001497
z_alpha_country[Honduras],-0.769761,0.191351,-1.131295,-0.417827,1077.904407,1176.944479,1.001902
"z_alpha_country[Hong Kong SAR, China]",1.55794,0.204902,1.193412,1.963675,1681.119667,1745.759063,1.001445
z_alpha_country[Hungary],0.002236,0.159218,-0.294208,0.30607,1568.672234,1942.863194,1.005047
z_alpha_country[Iceland],1.153023,0.188076,0.811123,1.514371,1808.378356,1849.740265,1.00429
z_alpha_country[India],0.135814,0.382552,-0.577243,0.847226,1721.453202,2983.542533,1.003026
z_alpha_country[Indonesia],-0.415405,0.221155,-0.834122,-0.006921,1772.013369,3122.380432,1.002581
"z_alpha_country[Iran, Islamic Rep.]",-0.324466,0.245873,-0.773098,0.143487,1963.816448,2908.374723,1.002997
z_alpha_country[Iraq],-0.837091,0.250247,-1.302228,-0.370179,2004.426829,2945.564385,1.003097
z_alpha_country[Ireland],0.909282,0.16446,0.60345,1.226679,1569.498538,1596.256885,1.004136
z_alpha_country[Israel],0.912571,0.235462,0.482178,1.360943,1816.824146,2627.952265,1.003654
z_alpha_country[Italy],1.292782,0.184198,0.938257,1.628416,1525.966353,1530.9233,1.002766
z_alpha_country[Jamaica],-0.017166,0.186177,-0.369034,0.319945,1089.896746,1604.206397,1.002127
z_alpha_country[Japan],2.219125,0.243267,1.757042,2.67295,1635.630007,1775.741537,1.001805
z_alpha_country[Jordan],-0.836359,0.236872,-1.277713,-0.401214,1786.484519,2714.348878,1.00375
z_alpha_country[Kazakhstan],-0.680208,0.178492,-1.022376,-0.344361,1708.574395,2220.65244,1.003366
z_alpha_country[Kenya],-0.000868,0.163834,-0.307927,0.303996,1256.871768,2141.58711,1.00503
z_alpha_country[Kiribati],-1.675228,0.239172,-2.126047,-1.235552,1723.902512,2531.15102,1.002652
"z_alpha_country[Korea, Rep.]",1.32122,0.211677,0.927135,1.717242,1679.293335,2189.657505,1.0018
z_alpha_country[Kuwait],1.290568,0.24186,0.835224,1.742115,1763.980914,2354.663046,1.004222
z_alpha_country[Lao PDR],-1.563934,0.206875,-1.953938,-1.180876,1628.304488,2265.761811,1.001687
z_alpha_country[Latvia],-0.595871,0.172537,-0.926155,-0.277862,1772.396579,2512.041171,1.004753
z_alpha_country[Lebanon],-0.344063,0.234805,-0.791972,0.078628,1849.430894,3016.327621,1.003915
z_alpha_country[Lesotho],-0.528865,0.163073,-0.831131,-0.221461,1388.603278,2383.422187,1.002953
z_alpha_country[Liberia],-0.488957,0.16197,-0.802761,-0.198047,1367.645638,2265.393315,1.003493
z_alpha_country[Libya],0.415281,0.2365,-0.020806,0.858346,1907.888327,3050.845241,1.003832
z_alpha_country[Lithuania],-0.47365,0.168815,-0.777111,-0.144979,1726.693127,2602.014343,1.003735
z_alpha_country[Luxembourg],1.504595,0.188012,1.163386,1.865407,1700.578843,1644.464465,1.004314
"z_alpha_country[Macao SAR, China]",1.553099,0.21337,1.166312,1.971147,1752.800536,1725.591161,1.003199
z_alpha_country[Madagascar],-0.327421,0.160074,-0.62571,-0.028089,1261.891763,2260.200935,1.00481
z_alpha_country[Malawi],-0.553246,0.160445,-0.847895,-0.24725,1272.92435,2084.195846,1.004584
z_alpha_country[Malaysia],0.640567,0.193638,0.287633,1.009851,1705.229262,2704.579264,1.001502
z_alpha_country[Maldives],0.71966,0.368021,0.038678,1.42198,1769.142339,2372.056848,1.000837
z_alpha_country[Mali],-0.689432,0.162157,-0.994263,-0.390711,1288.691712,2061.476691,1.004172
z_alpha_country[Malta],0.378526,0.246779,-0.088806,0.829144,1833.464922,2565.410521,1.00528
z_alpha_country[Mauritania],0.188201,0.157834,-0.116837,0.46761,1311.292003,2122.516852,1.003757
z_alpha_country[Mauritius],1.204231,0.17971,0.861296,1.528074,1404.739505,1763.912663,1.002859
z_alpha_country[Mexico],0.77928,0.211563,0.383713,1.160297,1189.931211,1470.069641,1.003028
"z_alpha_country[Micronesia, Fed. Sts.]",-0.814821,0.221651,-1.224371,-0.392445,1874.58597,2745.735961,1.002578
z_alpha_country[Moldova],-1.921479,0.199938,-2.283225,-1.530693,1569.392406,1731.655082,1.00317
z_alpha_country[Mongolia],-0.985279,0.209738,-1.377664,-0.588076,1970.393561,3677.573927,1.001595
z_alpha_country[Montenegro],-1.132011,0.192241,-1.503895,-0.779989,1816.589651,2356.112921,1.003647
z_alpha_country[Morocco],-0.759674,0.239582,-1.212217,-0.316621,1845.90369,2491.27463,1.003218
z_alpha_country[Mozambique],-0.592554,0.164984,-0.906323,-0.286615,1325.765139,2240.89003,1.00458
z_alpha_country[Myanmar],-2.306644,0.231696,-2.740627,-1.87442,1507.619873,1852.373404,1.001706
z_alpha_country[Namibia],1.121233,0.174626,0.792887,1.44265,1352.522894,1733.063782,1.003162
z_alpha_country[Nepal],-0.753705,0.344275,-1.406898,-0.116371,1632.489476,2311.593923,1.002147
z_alpha_country[Netherlands],1.513175,0.177629,1.171209,1.841852,1473.200624,1479.854382,1.00277
z_alpha_country[New Caledonia],1.340671,0.213993,0.925788,1.729658,1759.699876,1710.968694,1.002691
z_alpha_country[New Zealand],1.576017,0.203561,1.191515,1.953233,1640.843588,1560.110102,1.00137
z_alpha_country[Nicaragua],-1.197311,0.200002,-1.571446,-0.817994,1099.74234,1198.519893,1.001553
z_alpha_country[Niger],-0.585305,0.159402,-0.881856,-0.290299,1267.418602,2085.489763,1.004973
z_alpha_country[Nigeria],0.48358,0.19189,0.119907,0.835558,1354.647646,2234.949865,1.005583
z_alpha_country[North Macedonia],-1.187303,0.179659,-1.518234,-0.846922,1626.961883,1946.816715,1.004399
z_alpha_country[Norway],1.497809,0.175443,1.158919,1.824269,1510.543059,1457.715305,1.003921
z_alpha_country[Oman],0.65481,0.236952,0.206787,1.087825,1805.064982,2831.53202,1.004336
z_alpha_country[Pakistan],-0.091888,0.347985,-0.749188,0.547771,1597.64422,2591.644818,1.002406
z_alpha_country[Panama],0.227051,0.184645,-0.122462,0.561298,1088.226168,1539.764585,1.002332
z_alpha_country[Papua New Guinea],-0.755915,0.19046,-1.121314,-0.408394,1704.600724,2385.014971,1.001758
z_alpha_country[Paraguay],-0.410499,0.187557,-0.763567,-0.066017,1086.93921,1381.066926,1.001929
z_alpha_country[Peru],-0.077208,0.194036,-0.445983,0.273791,1117.112395,1709.259763,1.002166
z_alpha_country[Philippines],-0.273397,0.202397,-0.650633,0.097716,1739.272635,2889.295117,1.002023
z_alpha_country[Poland],-0.007725,0.169412,-0.336955,0.306246,1610.88257,2137.255541,1.003834
z_alpha_country[Portugal],0.535943,0.161419,0.232374,0.845168,1570.843831,1730.089304,1.004756
z_alpha_country[Puerto Rico],1.147318,0.193797,0.785926,1.502252,1146.604237,1458.148312,1.002904
z_alpha_country[Qatar],1.560676,0.250352,1.101428,2.038689,1746.009979,2294.754731,1.004405
z_alpha_country[Romania],-0.521853,0.172751,-0.85391,-0.199365,1680.237842,2287.51276,1.003123
z_alpha_country[Russian Federation],-0.129732,0.197437,-0.492912,0.250407,1766.863057,2342.153605,1.002401
z_alpha_country[Rwanda],-0.713577,0.164087,-1.031625,-0.421103,1331.265072,2326.20109,1.004171
z_alpha_country[Samoa],-0.873396,0.210073,-1.258759,-0.479989,1808.636883,2523.662329,1.002553
z_alpha_country[Sao Tome and Principe],-0.229764,0.189888,-0.585564,0.128768,1662.215042,3045.757626,1.002039
z_alpha_country[Saudi Arabia],0.959767,0.241566,0.507117,1.411561,1818.060136,2720.13719,1.003088
z_alpha_country[Senegal],0.322282,0.158418,0.02445,0.610745,1229.76113,1861.174416,1.005088
z_alpha_country[Seychelles],1.327955,0.221167,0.903813,1.734646,1766.702706,2101.11161,1.001697
z_alpha_country[Sierra Leone],-0.717724,0.161487,-1.026651,-0.424833,1302.334334,2036.832742,1.004028
z_alpha_country[Singapore],1.549194,0.206033,1.174087,1.949106,1694.662331,1702.997726,1.001758
z_alpha_country[Slovak Republic],-0.089762,0.161794,-0.392413,0.216476,1647.502357,2197.033937,1.004689
z_alpha_country[Slovenia],0.193497,0.165599,-0.107621,0.513336,1760.220367,2179.589491,1.005563
z_alpha_country[Solomon Islands],-1.049897,0.204588,-1.434514,-0.673609,1731.364792,2785.907037,1.002306
z_alpha_country[Somalia],-0.995504,0.163174,-1.310613,-0.701984,1263.335816,1653.342508,1.004367
z_alpha_country[South Africa],1.807601,0.19921,1.432874,2.175308,1228.370195,1299.54913,1.004608
z_alpha_country[South Sudan],0.126842,0.182421,-0.22961,0.457725,1693.030997,3083.099685,1.003411
z_alpha_country[Spain],1.007913,0.176135,0.690897,1.353128,1541.624735,1703.026578,1.002403
z_alpha_country[Sri Lanka],0.169242,0.344966,-0.492888,0.795187,1614.986185,2575.841469,1.001949
z_alpha_country[Sudan],0.196849,0.165743,-0.122482,0.497529,1269.951758,2036.359375,1.004973
z_alpha_country[Suriname],-0.015307,0.195328,-0.364974,0.35909,1246.70396,2076.168548,1.002308
z_alpha_country[Sweden],1.49815,0.176371,1.162974,1.830146,1497.222639,1395.0643,1.002671
z_alpha_country[Switzerland],1.651863,0.179479,1.302785,1.984058,1487.441361,1414.817045,1.003024
z_alpha_country[Syrian Arab Republic],-1.029715,0.241762,-1.488911,-0.590671,1803.661277,2503.202282,1.003188
z_alpha_country[Tajikistan],-2.779234,0.227461,-3.198086,-2.348256,1467.460312,1592.725033,1.001885
z_alpha_country[Tanzania],-0.068752,0.172008,-0.396847,0.246489,1347.093958,2294.389885,1.004158
z_alpha_country[Thailand],0.081987,0.19779,-0.289168,0.446262,1721.300163,2777.370238,1.002075
z_alpha_country[Timor-Leste],-2.01662,0.221194,-2.41881,-1.596786,1586.935636,2269.77536,1.001787
z_alpha_country[Togo],-0.294871,0.156581,-0.594481,-0.010746,1276.707757,2294.926551,1.004374
z_alpha_country[Tonga],-1.114323,0.223103,-1.530867,-0.693201,1840.676041,2683.845314,1.002628
z_alpha_country[Trinidad and Tobago],0.485956,0.188726,0.114085,0.817333,1135.174935,1720.132037,1.002434
z_alpha_country[Tunisia],-0.656627,0.235109,-1.08305,-0.21175,1812.276074,2646.166933,1.003556
z_alpha_country[Turkmenistan],-1.417454,0.187331,-1.766899,-1.062115,1644.175465,2063.755424,1.002721
z_alpha_country[Uganda],-0.58091,0.163148,-0.889311,-0.279625,1265.628806,2042.046099,1.005004
z_alpha_country[Ukraine],-1.213606,0.193787,-1.579536,-0.839503,1678.785129,1946.226118,1.002706
z_alpha_country[United Arab Emirates],1.739119,0.252209,1.267934,2.212952,1768.519065,2344.467626,1.003661
z_alpha_country[United Kingdom],1.402294,0.188344,1.053341,1.755745,1515.847555,1530.876932,1.001944
z_alpha_country[United States],0.915996,0.67186,-0.339792,2.175071,1611.691443,2195.016057,1.00422
z_alpha_country[Uruguay],0.256383,0.186586,-0.105643,0.586451,1111.333317,1624.046767,1.002288
z_alpha_country[Uzbekistan],-1.578075,0.195034,-1.945206,-1.206312,1584.712281,1876.147092,1.003032
z_alpha_country[Vanuatu],-0.867797,0.209647,-1.257678,-0.475598,1787.315228,2820.811123,1.002557
"z_alpha_country[Venezuela, RB]",0.616455,0.194077,0.24622,0.962631,1124.576651,1452.389597,1.002615
z_alpha_country[Viet Nam],-1.188185,0.219322,-1.601884,-0.787138,1784.345293,2527.199083,1.002036
z_alpha_country[West Bank and Gaza],-1.177613,0.244541,-1.638633,-0.730423,1773.221739,2478.340841,1.00382
z_alpha_country[Zambia],0.175154,0.160127,-0.122387,0.470462,1279.78076,2094.574371,1.005188
z_alpha_country[Zimbabwe],0.387256,0.163065,0.068473,0.675862,1295.882995,1970.617603,1.004788
sigma_theta,0.286861,0.062739,0.18014,0.406423,6333.005235,8911.412335,1.001114
sigma_alpha_region,0.530061,0.192295,0.238493,0.87386,1168.319005,1780.238679,1.003021
sigma_tau_region,0.082365,0.031787,0.040442,0.139353,1984.771973,2558.938712,1.003307
sigma_alpha_country,0.485146,0.026439,0.437346,0.536586,1234.243139,1156.271182,1.000755
sigma,0.131043,0.001994,0.127364,0.134883,9371.183215,12048.434384,1.000295
nu_minus2,1.72737,0.177681,1.400232,2.065468,9521.710162,12185.122108,1.000313
alpha_region[East Asia & Pacific],10.03696,0.087598,9.874406,10.199666,1704.978188,3038.89178,1.002051
alpha_region[Europe & Central Asia],10.346401,0.074789,10.202775,10.485711,1557.506166,1792.064216,1.006344
alpha_region[Latin America & Caribbean],10.137287,0.08775,9.980924,10.306569,1108.034596,1509.021678,1.001789
alpha_region[Middle East & North Africa],10.347357,0.110767,10.139047,10.549982,1844.069599,2686.597754,1.003852
alpha_region[North America],10.820248,0.327231,10.210292,11.432897,1673.645314,2310.306305,1.003048
alpha_region[South Asia],9.604559,0.166513,9.300923,9.92207,1725.876602,2747.542756,1.001474
alpha_region[Sub-Saharan Africa],9.490174,0.073177,9.358909,9.626793,1220.970385,2041.386778,1.004718
tau_region[East Asia & Pacific],0.399316,0.008987,0.381939,0.415645,4575.208448,9183.625302,1.000721
tau_region[Europe & Central Asia],0.478027,0.006966,0.465275,0.491414,6354.455274,10864.853133,1.000323
tau_region[Latin America & Caribbean],0.357935,0.007849,0.343215,0.37258,4193.537131,7575.551077,1.000791
tau_region[Middle East & North Africa],0.307506,0.011143,0.286688,0.328552,4359.914425,8161.085982,1.000745
tau_region[North America],0.361552,0.013291,0.337262,0.387099,10052.016992,12883.998002,1.000015
tau_region[South Asia],0.350371,0.010896,0.330447,0.371309,4998.040443,10436.303234,1.000824
tau_region[Sub-Saharan Africa],0.269467,0.007224,0.255656,0.282753,3754.189603,6238.676043,1.001321
alpha_country[Afghanistan],9.077805,0.041307,9.001353,9.157212,11722.542424,12633.134785,1.000181
alpha_country[Albania],9.675428,0.035205,9.607996,9.740306,8140.563218,10667.775354,1.000092
alpha_country[Algeria],10.11266,0.033075,10.050728,10.175048,6495.827092,10881.707568,1.001053
alpha_country[Angola],9.721098,0.074189,9.586882,9.864006,17547.226766,13696.653668,1.000175
alpha_country[Antigua and Barbuda],10.220214,0.074979,10.082513,10.362629,3073.892658,4828.489946,1.002285
alpha_country[Argentina],10.514986,0.036745,10.444976,10.58259,5765.604277,9373.978923,1.001131
alpha_country[Armenia],9.450036,0.038324,9.377525,9.52118,13709.843132,13883.910613,1.000023
alpha_country[Aruba],10.473361,0.074642,10.333049,10.611873,3017.260813,5151.424565,1.002161
alpha_country[Australia],11.042766,0.024861,10.996495,11.08964,7118.276085,12329.696888,1.00108
alpha_country[Austria],10.932966,0.024945,10.886979,10.980905,17256.568342,15207.077202,1.00021
alpha_country[Azerbaijan],9.604173,0.060421,9.490473,9.716593,22306.866181,14496.970588,1.00006
alpha_country[Bahrain],10.7273,0.040621,10.649497,10.802552,3904.319769,6452.771851,1.001368
alpha_country[Bangladesh],9.512382,0.047125,9.422819,9.60025,3473.584871,5770.209453,1.001613
alpha_country[Barbados],10.400664,0.051924,10.300454,10.495817,3128.762446,5097.012093,1.00212
alpha_country[Belarus],9.857151,0.032484,9.79506,9.917235,20225.520672,14410.403267,1.00002
alpha_country[Belgium],10.967917,0.023489,10.925195,11.013608,11615.891403,13930.4882,1.000379
alpha_country[Belize],9.982269,0.05164,9.884975,10.079273,3100.128159,4867.136034,1.002296
alpha_country[Benin],9.310973,0.022314,9.269203,9.353099,19182.927758,13814.895888,1.000444
alpha_country[Bhutan],9.571064,0.040581,9.49595,9.647822,3380.637341,5474.024418,1.001646
alpha_country[Bolivia],9.700745,0.022183,9.660067,9.743166,15649.399477,14391.356008,1.000096
alpha_country[Bosnia and Herzegovina],9.699246,0.034976,9.633649,9.764245,12700.874139,12652.222309,1.000039
alpha_country[Botswana],10.042739,0.03364,9.979877,10.105771,5885.750685,9686.395862,1.000881
alpha_country[Brazil],10.441679,0.057692,10.337503,10.556327,4032.511346,7071.110698,1.00154
alpha_country[Brunei Darussalam],10.791599,0.050604,10.696564,10.886315,3372.591058,5094.687086,1.001826
alpha_country[Bulgaria],9.958778,0.034273,9.8956,10.023396,19162.656676,15120.213683,1.000024
alpha_country[Burkina Faso],9.185206,0.023522,9.141118,9.229581,11375.360716,12552.644804,1.000317
alpha_country[Burundi],8.931613,0.025288,8.884113,8.978787,23062.395522,13651.801916,1.000262
alpha_country[Cabo Verde],9.796917,0.045568,9.711992,9.882728,3579.416791,5441.868381,1.002085
alpha_country[Cambodia],9.261689,0.023482,9.218341,9.306496,12347.547457,13710.108994,1.000392
alpha_country[Cameroon],9.63676,0.026755,9.585149,9.685759,9824.230454,12938.094016,1.000461
alpha_country[Canada],11.103667,0.028972,11.050347,11.158507,4945.886236,9217.77192,1.001428
alpha_country[Central African Republic],9.062668,0.024663,9.017484,9.110365,16640.087923,14223.677154,1.000367
alpha_country[Chad],9.188331,0.02169,9.148256,9.229653,18801.377471,14519.700407,1.000252
alpha_country[Channel Islands],10.850342,0.06992,10.720447,10.982592,3591.080499,6231.974018,1.0017
alpha_country[Chile],10.422793,0.023809,10.376828,10.465963,8725.531271,11310.059223,1.000579
alpha_country[China],9.835792,0.10314,9.648276,10.038449,3409.225865,6185.090251,1.00197
alpha_country[Colombia],10.200432,0.030502,10.145261,10.260149,4523.637729,7467.175597,1.001238
alpha_country[Comoros],9.533099,0.043218,9.452099,9.614502,3714.370034,5428.38406,1.001697
"alpha_country[Congo, Dem. Rep.]",8.992125,0.04378,8.913337,9.077779,5631.781456,9004.960733,1.000981
alpha_country[Costa Rica],10.167314,0.026074,10.117495,10.216446,6721.806596,10432.404539,1.000231
alpha_country[Cote d'Ivoire],9.722535,0.024227,9.676905,9.768289,8692.196062,12091.029701,1.000567
alpha_country[Croatia],10.236962,0.032176,10.175074,10.296239,11963.345533,13752.439962,1.000195
alpha_country[Cuba],10.228526,0.028541,10.173953,10.281146,15945.194472,14739.806487,1.000169
alpha_country[Curacao],10.272738,0.075401,10.137447,10.422902,4096.547128,8059.24278,1.001201
alpha_country[Cyprus],10.459766,0.037232,10.390199,10.530636,4522.528593,8066.190528,1.000794
alpha_country[Czechia],10.423218,0.030001,10.365696,10.478365,15202.535345,13708.349581,1.000233
alpha_country[Denmark],11.002811,0.024793,10.958131,11.051545,12340.766732,14271.37002,1.000075
alpha_country[Djibouti],9.525857,0.045658,9.43896,9.610632,4593.964212,7208.839385,1.001265
alpha_country[Dominican Republic],10.037376,0.022254,9.99406,10.077934,14361.904064,13854.38729,1.00022
alpha_country[Ecuador],10.120598,0.022583,10.077465,10.162517,11658.606697,12690.438826,1.000733
alpha_country[El Salvador],9.899029,0.022981,9.857416,9.943067,10486.809275,14140.842992,1.000059
alpha_country[Equatorial Guinea],9.329002,0.050159,9.236894,9.425406,5824.006324,9854.774986,1.001313
alpha_country[Eritrea],8.986279,0.035113,8.920936,9.052469,8187.199817,11710.756672,1.000305
alpha_country[Estonia],10.139292,0.04046,10.062465,10.213905,6215.469369,10014.346578,1.000496
alpha_country[Eswatini],9.780066,0.035583,9.713472,9.846622,4243.785903,6724.9728,1.001248
alpha_country[Ethiopia],9.226047,0.037782,9.156358,9.297949,3728.819159,6010.773356,1.001343
alpha_country[Fiji],9.976026,0.038806,9.90051,10.046581,4220.640709,7157.628383,1.001409
alpha_country[Finland],10.899437,0.029278,10.844129,10.954493,8226.974622,12267.973947,1.000219
alpha_country[France],11.063267,0.038914,10.990984,11.135462,4195.294529,6327.730561,1.001694
alpha_country[French Polynesia],10.690774,0.055121,10.586146,10.792947,3088.901701,4764.037993,1.001736
alpha_country[Gabon],10.247805,0.035283,10.182437,10.314932,6034.101886,9857.668573,1.000897
alpha_country[Georgia],9.533896,0.034864,9.470635,9.600948,15203.739965,13703.899446,1.000046
alpha_country[Germany],11.079362,0.043724,10.99745,11.161089,3985.834607,6249.396502,1.001185
alpha_country[Ghana],9.547329,0.025396,9.499806,9.594493,6546.43397,10736.599692,1.000726
alpha_country[Greece],10.721328,0.025832,10.67357,10.770149,11006.010402,13161.099185,1.000522
alpha_country[Grenada],9.924009,0.063914,9.807266,10.047185,2785.781575,4581.021432,1.002491
alpha_country[Guam],10.541258,0.065991,10.416529,10.664176,3339.122668,5462.475972,1.001838
alpha_country[Guatemala],9.942194,0.0206,9.903997,9.980834,11076.012377,13912.827555,1.000574
alpha_country[Guinea],9.482325,0.032605,9.419316,9.541936,21582.657762,13829.713717,1.000245
alpha_country[Guinea-Bissau],9.3285,0.03767,9.257827,9.398579,6579.859341,10404.800788,1.000614
alpha_country[Guyana],9.821196,0.038905,9.749791,9.895842,4836.954989,7966.256763,1.000965
alpha_country[Haiti],9.385397,0.021039,9.346249,9.425627,16263.336874,13663.080988,1.000529
alpha_country[Honduras],9.765004,0.024278,9.71925,9.810433,13594.452809,14616.206341,1.000192
"alpha_country[Hong Kong SAR, China]",10.79053,0.027269,10.740457,10.842815,11882.692733,14005.821209,1.000218
alpha_country[Hungary],10.347618,0.02345,10.302826,10.390682,12192.254827,14356.345655,1.000416
alpha_country[Iceland],10.904455,0.050422,10.8091,10.999308,3184.841602,5093.172703,1.002189
alpha_country[India],9.669774,0.098139,9.482846,9.850862,3311.053815,5615.110958,1.001998
alpha_country[Indonesia],9.835872,0.058342,9.723908,9.944781,3275.760957,5597.005298,1.001751
"alpha_country[Iran, Islamic Rep.]",10.190502,0.042508,10.113468,10.273052,4657.366459,8899.280708,1.000828
alpha_country[Iraq],9.942506,0.044241,9.861684,10.029233,12134.341078,12766.231994,1.000298
alpha_country[Ireland],10.786392,0.024585,10.7406,10.833337,10947.993349,12700.211829,1.000861
alpha_country[Israel],10.788944,0.022939,10.745745,10.831872,14845.757363,14049.013205,1.000109
alpha_country[Italy],10.971883,0.039546,10.895205,11.043969,4580.312824,7338.027571,1.001285
alpha_country[Jamaica],10.129065,0.028494,10.074431,10.181194,7047.12866,11405.758787,1.000285
alpha_country[Japan],11.110365,0.053186,11.010081,11.21001,4935.484176,7908.564666,1.001193
alpha_country[Jordan],9.942928,0.0238,9.897022,9.986583,14136.092927,14098.781427,1.000068
alpha_country[Kazakhstan],10.017476,0.039406,9.944617,10.093267,13025.151881,13703.926496,1.000342
alpha_country[Kenya],9.489506,0.029685,9.433086,9.544132,5162.202614,9033.833872,1.000986
alpha_country[Kiribati],9.226697,0.070655,9.091339,9.35729,3011.60768,4947.239934,1.002293
"alpha_country[Korea, Rep.]",10.675981,0.03862,10.603545,10.748725,5668.862766,9188.183561,1.000903
alpha_country[Kuwait],10.971802,0.030415,10.913888,11.028063,5486.582703,8577.94402,1.000857
alpha_country[Lao PDR],9.280367,0.032467,9.218503,9.339632,17147.614066,15303.603044,1.000224
alpha_country[Latvia],10.058326,0.038508,9.986292,10.129817,9371.070436,12227.359384,1.000351
alpha_country[Lebanon],10.181069,0.029563,10.125616,10.236353,11839.58034,13391.740448,1.000327
alpha_country[Lesotho],9.234161,0.03172,9.172254,9.291557,6871.917524,11458.083426,1.000583
alpha_country[Liberia],9.253475,0.029424,9.199208,9.309535,12331.89219,12792.587223,1.000178
alpha_country[Libya],10.548404,0.03342,10.484994,10.610699,18920.170954,13919.008045,1.000021
alpha_country[Lithuania],10.117442,0.035879,10.051533,10.186744,10725.371248,13803.019537,1.000328
alpha_country[Luxembourg],11.074481,0.042034,10.99557,11.153502,3442.457311,5353.042147,1.002358
"alpha_country[Macao SAR, China]",10.788306,0.047521,10.701122,10.879656,3546.182635,5530.261013,1.001386
alpha_country[Madagascar],9.331576,0.0252,9.285144,9.380512,8706.971825,11678.508962,1.000721
alpha_country[Malawi],9.222341,0.025141,9.174675,9.269062,15000.258195,11957.93437,1.000521
alpha_country[Malaysia],10.34672,0.027067,10.294549,10.396172,6724.120929,10886.878218,1.00081
alpha_country[Maldives],9.952491,0.054166,9.849051,10.051899,3571.900405,6503.199513,1.001512
alpha_country[Mali],9.15646,0.025091,9.110027,9.20455,11156.486101,12772.781904,1.000198
alpha_country[Malta],10.530777,0.052147,10.431527,10.62738,3228.649959,5142.242941,1.001774
alpha_country[Mauritania],9.581034,0.024744,9.534289,9.627454,7044.040665,10810.206279,1.000517
alpha_country[Mauritius],10.072591,0.037616,10.00152,10.142731,4326.568395,7732.651264,1.000979
alpha_country[Mexico],10.514265,0.043638,10.433776,10.597039,3622.405392,5547.690508,1.001228
"alpha_country[Micronesia, Fed. Sts.]",9.642897,0.06731,9.514149,9.764239,2987.901153,4806.552014,1.002207
alpha_country[Moldova],9.417076,0.036692,9.349419,9.487802,12305.2111,12695.94182,1.000479
alpha_country[Mongolia],9.560271,0.05084,9.46177,9.652611,13964.399752,14026.776039,1.000163
alpha_country[Montenegro],9.799049,0.047845,9.710297,9.888823,5045.425632,7659.460761,1.001057
alpha_country[Morocco],9.979985,0.027959,9.926272,10.031709,4788.632493,6774.521125,1.001386
alpha_country[Mozambique],9.203314,0.030241,9.146501,9.259998,8941.326856,11806.813154,1.000596
alpha_country[Myanmar],8.92107,0.036736,8.853886,8.992076,4608.644152,7591.530107,1.001312
alpha_country[Namibia],10.032375,0.031387,9.971854,10.090587,5845.813695,9574.091315,1.000793
alpha_country[Nepal],9.239601,0.02503,9.192891,9.286955,5268.713694,9135.344511,1.001358
alpha_country[Netherlands],11.078507,0.026228,11.030513,11.129272,9628.393421,13712.781239,1.000405
alpha_country[New Caledonia],10.685587,0.055659,10.580098,10.787538,2871.017812,4382.576561,1.002215
alpha_country[New Zealand],10.799273,0.02399,10.754331,10.844573,7993.897933,12769.021211,1.000261
alpha_country[Nicaragua],9.558184,0.029612,9.502933,9.614509,14735.615567,14245.595507,1.000222
alpha_country[Niger],9.206824,0.022262,9.165269,9.249003,12808.959202,13201.949267,1.000625
alpha_country[Nigeria],9.723821,0.051802,9.628515,9.824155,3936.750884,6040.479401,1.001417
alpha_country[North Macedonia],9.772257,0.034822,9.705508,9.836704,6695.335438,9929.795056,1.000457
alpha_country[Norway],11.071073,0.022964,11.026738,11.113142,14928.859833,15231.972877,1.000002
alpha_country[Oman],10.664257,0.033799,10.600574,10.727385,5984.178706,9852.172065,1.00052
alpha_country[Pakistan],9.559712,0.047432,9.47029,9.648327,3114.698875,4898.655581,1.001963
alpha_country[Panama],10.247214,0.025752,10.198853,10.295476,6186.692511,10337.578135,1.000604
alpha_country[Papua New Guinea],9.671239,0.025355,9.623519,9.718267,19328.011384,14546.738502,1.000033
alpha_country[Paraguay],9.93879,0.026011,9.892357,9.990039,11909.329426,13789.563931,1.000124
alpha_country[Peru],10.099977,0.029986,10.044251,10.157183,6822.25492,10860.795279,1.000588
alpha_country[Philippines],9.904594,0.040339,9.829886,9.979983,3810.162841,6345.206769,1.001224
alpha_country[Poland],10.342772,0.035746,10.276126,10.409625,5668.555268,9697.927191,1.00064
alpha_country[Portugal],10.60581,0.02721,10.554737,10.657509,10945.033404,12884.264709,1.000733
alpha_country[Puerto Rico],10.692366,0.026037,10.64148,10.739244,7088.805942,11488.960447,1.000276
alpha_country[Qatar],11.102511,0.040516,11.026013,11.177973,4107.602044,7116.706618,1.001042
alpha_country[Romania],10.094091,0.036141,10.027012,10.162319,11227.489112,13702.026372,1.000178
alpha_country[Russian Federation],10.283724,0.057798,10.182113,10.398842,4225.144265,7195.822937,1.001233
alpha_country[Rwanda],9.144803,0.028429,9.091929,9.19826,20834.125658,14042.661742,1.000073
alpha_country[Samoa],9.61458,0.055417,9.51049,9.718321,2967.501821,4192.262154,1.002245
alpha_country[Sao Tome and Principe],9.378966,0.059149,9.269447,9.491549,3123.179369,4994.124667,1.002499
alpha_country[Saudi Arabia],10.811724,0.03181,10.750237,10.869364,8303.092043,12577.519501,1.000641
alpha_country[Senegal],9.645857,0.020767,9.605735,9.683864,15019.262579,13564.262703,1.000333
alpha_country[Seychelles],10.132507,0.073504,9.993832,10.26833,2973.865667,4760.723317,1.002205
alpha_country[Sierra Leone],9.142788,0.024814,9.09482,9.188041,22016.333526,14507.046057,1.000063
alpha_country[Singapore],10.786311,0.031193,10.727568,10.843925,8517.135809,12168.982993,1.000102
alpha_country[Slovak Republic],10.303141,0.028869,10.249566,10.358577,14155.886279,13729.234014,1.000334
alpha_country[Slovenia],10.440172,0.035793,10.373008,10.507431,6923.972297,11099.48204,1.000499
alpha_country[Solomon Islands],9.529161,0.045453,9.443326,9.613769,3389.532873,5244.78052,1.002037
alpha_country[Somalia],9.008397,0.020772,8.970423,9.048143,17115.437713,14117.622848,1.000546
alpha_country[South Africa],10.364316,0.033474,10.301814,10.427417,4179.191175,6416.556225,1.001253
alpha_country[South Sudan],9.551351,0.050931,9.457633,9.650949,24975.653972,14208.38251,1.000501
alpha_country[Spain],10.834074,0.035213,10.768549,10.901933,5012.2483,8316.392649,1.001143
alpha_country[Sri Lanka],9.686076,0.025416,9.638325,9.733775,6544.609505,11831.224359,1.00091
alpha_country[Sudan],9.585152,0.030526,9.528393,9.642993,6227.987934,8437.894737,1.000613
alpha_country[Suriname],10.130083,0.044403,10.04451,10.211424,3728.330235,6369.479198,1.001882
alpha_country[Sweden],11.071241,0.023916,11.026582,11.115677,14329.789111,14793.340081,1.000088
alpha_country[Switzerland],11.145607,0.023941,11.099179,11.189197,15586.030401,15072.520564,1.000224
alpha_country[Syrian Arab Republic],9.849361,0.026126,9.801964,9.899546,9677.735614,12869.880581,1.00087
alpha_country[Tajikistan],9.002113,0.034353,8.937643,9.067261,23085.091285,14294.39018,1.000148
alpha_country[Tanzania],9.456656,0.039064,9.383949,9.53089,6307.27718,10508.83084,1.000488
alpha_country[Thailand],10.076517,0.037712,10.00505,10.145384,4154.915815,6284.987062,1.001391
alpha_country[Timor-Leste],9.061479,0.039646,8.984838,9.133994,4603.624813,7890.601626,1.000938
alpha_country[Togo],9.347346,0.022475,9.3055,9.389303,16757.02214,13638.369126,1.000508
alpha_country[Tonga],9.498028,0.065366,9.370725,9.6154,2903.943384,4775.510945,1.002456
alpha_country[Trinidad and Tobago],10.372493,0.033328,10.309749,10.434725,4435.959354,6987.616066,1.000805
alpha_country[Tunisia],10.029858,0.02263,9.985753,10.070842,13541.269297,14151.281474,1.000489
alpha_country[Turkmenistan],9.660876,0.036038,9.59424,9.729603,20157.974269,12736.004915,1.000255
alpha_country[Uganda],9.208937,0.027753,9.156831,9.261054,5519.985001,9162.255783,1.000965
alpha_country[Ukraine],9.759429,0.046381,9.674492,9.84847,6153.278653,9463.157099,1.000864
alpha_country[United Arab Emirates],11.188769,0.035371,11.122999,11.256522,9387.303711,12589.539569,1.00049
alpha_country[United Kingdom],11.024834,0.038684,10.953558,11.098138,3886.911554,5633.017855,1.001173
alpha_country[United States],11.265369,0.062924,11.144284,11.38164,3218.787045,5565.215466,1.00204
alpha_country[Uruguay],10.2614,0.026539,10.211272,10.310719,9603.829606,12478.737886,1.000188
alpha_country[Uzbekistan],9.58311,0.03961,9.507613,9.655937,8423.546265,12470.976044,1.000513
alpha_country[Vanuatu],9.617286,0.055444,9.516847,9.726848,3082.258262,4215.756147,1.00209
"alpha_country[Venezuela, RB]",10.435523,0.027365,10.385004,10.487854,7303.106114,11908.36065,1.0008
alpha_country[Viet Nam],9.462091,0.050775,9.36476,9.555321,5294.209306,8815.142306,1.000977
alpha_country[West Bank and Gaza],9.777852,0.033476,9.716119,9.842705,8303.25311,12720.836962,1.000311
alpha_country[Zambia],9.574688,0.025357,9.527354,9.623002,18680.075807,13475.548903,1.000212
alpha_country[Zimbabwe],9.677259,0.026968,9.627601,9.72945,14351.737565,13582.166582,1.000187
nu,3.72737,0.177681,3.400232,4.065468,9521.710162,12185.122108,1.000313
