,mean,sd,hdi_2.5%,hdi_97.5%,ESS_bulk,ESS_tail,R_hat
alpha0,10.44519,0.213833,10.02199,10.895306,365.245263,777.113917,1.007838
beta0,0.587981,0.056117,0.468529,0.691178,1368.756038,1794.197677,1.007098
theta[0],-0.094667,0.162084,-0.430424,0.214985,1181.341513,1780.783222,1.005187
theta[1],0.692288,0.147894,0.395268,0.989579,1194.085301,1687.961892,1.004674
theta[2],-0.407274,0.123952,-0.659546,-0.168365,1145.962843,1902.839139,1.005172
theta[3],0.091029,0.099261,-0.101846,0.290951,1076.102833,1908.661486,1.005306
theta[4],-0.087385,0.088964,-0.268828,0.084051,1038.17432,1679.788452,1.005155
theta[5],-0.118761,0.086095,-0.285556,0.05079,1008.476545,1575.138884,1.00539
theta[6],-0.099755,0.085823,-0.273088,0.061933,1037.649658,1598.89069,1.005174
theta[7],-0.07879,0.087866,-0.259357,0.084654,1083.077395,1680.435403,1.005143
theta[8],-0.055919,0.092694,-0.246017,0.120307,1144.68583,1564.394359,1.005259
theta[9],-0.154902,0.120187,-0.387023,0.091784,1251.291245,1739.539781,1.005557
theta[10],-0.100067,0.146973,-0.398346,0.189356,1359.523467,1843.986898,1.005283
theta[11],0.367699,0.174416,0.013512,0.708055,1418.576593,1854.307408,1.004988
delta_washare,0.065589,0.003062,0.059668,0.071662,5361.906869,6908.976698,1.001038
delta_olddep,0.018456,0.003732,0.011188,0.025789,4196.865466,6815.330745,1.000939
z_alpha_region[East Asia & Pacific],-0.261972,0.403871,-1.017124,0.582029,417.72498,870.549129,1.004217
z_alpha_region[Europe & Central Asia],0.62459,0.464788,-0.245016,1.565904,339.385324,412.859852,1.011949
z_alpha_region[Latin America & Caribbean],-0.034491,0.394677,-0.810748,0.714949,414.860411,816.938452,1.007752
z_alpha_region[Middle East & North Africa],0.399629,0.432676,-0.426929,1.281051,391.773711,939.885235,1.007624
z_alpha_region[North America],1.557374,0.684737,0.291881,2.949918,760.619209,586.92804,1.006214
z_alpha_region[South Asia],-0.893527,0.493147,-1.907108,0.043902,597.267093,1310.885205,1.003817
z_alpha_region[Sub-Saharan Africa],-1.314037,0.524611,-2.36074,-0.31226,453.280709,752.751011,1.003494
tau0,0.121969,0.015636,0.091742,0.152352,2017.443609,2833.776824,1.004158
z_tau_region[East Asia & Pacific],0.740712,0.442719,-0.148853,1.586928,2435.538917,3054.849758,1.002693
z_tau_region[Europe & Central Asia],0.688312,0.433348,-0.18267,1.502163,2382.119781,3225.928679,1.003477
z_tau_region[Latin America & Caribbean],-0.834288,0.466184,-1.744286,0.061487,2244.807484,2958.585239,1.002149
z_tau_region[Middle East & North Africa],-0.438975,0.420429,-1.269564,0.377578,2247.863779,3517.271846,1.002656
z_tau_region[North America],-0.293665,0.411561,-1.111161,0.489255,2421.531568,3934.877948,1.002557
z_tau_region[South Asia],1.368725,0.558433,0.298253,2.454116,2529.12231,2969.115585,1.002119
z_tau_region[Sub-Saharan Africa],-0.95238,0.488364,-1.921285,-0.021062,2257.828421,2829.164199,1.001937
z_alpha_country[Afghanistan],-0.987668,0.334952,-1.620006,-0.295732,1372.026479,2003.086902,1.002319
z_alpha_country[Albania],-1.423806,0.165506,-1.734031,-1.084938,757.320594,1126.1359,1.001032
z_alpha_country[Algeria],-0.112442,0.227448,-0.546857,0.34263,968.384615,1854.784983,1.003656
z_alpha_country[Angola],1.08229,0.159421,0.762294,1.386892,959.09717,1280.833969,1.002326
z_alpha_country[Antigua and Barbuda],-0.877686,0.200792,-1.274342,-0.487813,959.785647,1460.427306,1.003662
z_alpha_country[Argentina],1.248043,0.200802,0.853307,1.652882,783.396105,912.335216,1.006367
z_alpha_country[Armenia],-1.666955,0.175072,-2.014191,-1.329502,788.067644,1126.878587,1.000942
z_alpha_country[Aruba],-0.342366,0.19931,-0.733189,0.043451,946.622633,1515.983778,1.004114
z_alpha_country[Australia],2.414738,0.217779,1.987455,2.833109,1044.048626,1146.531234,1.001309
z_alpha_country[Austria],1.132704,0.156132,0.818365,1.428492,694.971939,1245.192376,1.004417
z_alpha_country[Azerbaijan],-0.867356,0.158424,-1.166517,-0.543585,854.834328,1593.72143,1.000908
z_alpha_country[Bahrain],0.469271,0.228176,0.044639,0.929546,966.690439,1392.451951,1.004236
z_alpha_country[Bangladesh],0.172113,0.331667,-0.462337,0.848528,1323.310852,1691.000413,1.002951
z_alpha_country[Barbados],0.35692,0.193055,-0.011813,0.740957,847.957301,1370.970553,1.005173
z_alpha_country[Belarus],-0.866776,0.158158,-1.165502,-0.542351,839.664604,1733.482237,1.001309
z_alpha_country[Belgium],1.117562,0.155538,0.817363,1.424571,706.189243,1339.664469,1.004331
z_alpha_country[Belize],-0.865459,0.19703,-1.257489,-0.49165,910.618846,1323.310267,1.004059
z_alpha_country[Benin],-0.192631,0.148407,-0.498164,0.098598,819.048422,898.48485,1.002892
z_alpha_country[Bhutan],-0.757229,0.342692,-1.462383,-0.103168,1317.757323,1819.047175,1.002891
z_alpha_country[Bolivia],-0.511557,0.187003,-0.869762,-0.146957,809.115795,1333.018508,1.004415
z_alpha_country[Bosnia and Herzegovina],-1.267189,0.161575,-1.583099,-0.946296,769.210391,1122.549843,1.00104
z_alpha_country[Botswana],0.839296,0.162419,0.504935,1.152591,924.050212,1218.656779,1.002717
z_alpha_country[Brazil],1.352051,0.21254,0.932013,1.77159,822.911084,1014.066309,1.005947
z_alpha_country[Brunei Darussalam],1.340287,0.204779,0.950935,1.748082,1186.69616,1454.811842,1.000572
z_alpha_country[Bulgaria],-0.632502,0.150392,-0.920359,-0.325254,777.412808,1403.258208,1.001523
z_alpha_country[Burkina Faso],-0.787797,0.157275,-1.114221,-0.484717,773.523227,746.474584,1.003199
z_alpha_country[Burundi],-1.080685,0.161156,-1.412395,-0.76992,726.474891,720.759035,1.003304
z_alpha_country[Cabo Verde],0.0719,0.163924,-0.252062,0.400517,914.095371,1412.008417,1.003041
z_alpha_country[Cambodia],-1.060612,0.192091,-1.427199,-0.681263,1056.839172,2025.681507,1.00361
z_alpha_country[Cameroon],0.295155,0.149318,-0.003721,0.593901,882.031041,1015.006266,1.003052
z_alpha_country[Canada],0.481987,0.69527,-0.85848,1.824891,857.326039,1495.088324,1.003502
z_alpha_country[Central African Republic],-0.835505,0.155652,-1.145412,-0.527402,753.419212,728.998689,1.003293
z_alpha_country[Chad],-0.32734,0.150039,-0.632914,-0.031518,818.936077,833.267621,1.002895
z_alpha_country[Channel Islands],-0.138191,0.170548,-0.464088,0.205202,803.720707,1665.026782,1.002749
z_alpha_country[Chile],0.649958,0.191055,0.287792,1.036742,798.095046,1156.841663,1.005745
z_alpha_country[China],-0.464118,0.24274,-0.940093,-0.00355,1309.234368,2219.803395,1.0023
z_alpha_country[Colombia],0.519657,0.192096,0.163919,0.915384,801.198845,1185.739097,1.00557
z_alpha_country[Comoros],-0.482488,0.160254,-0.793877,-0.161365,830.591268,1089.055329,1.003294
"z_alpha_country[Congo, Dem. Rep.]",0.488331,0.15705,0.180073,0.804604,984.446548,1270.012901,1.002553
z_alpha_country[Costa Rica],0.346769,0.185925,0.003429,0.726476,792.043849,1264.598015,1.005399
z_alpha_country[Cote d'Ivoire],0.726365,0.15371,0.421348,1.028629,925.773945,1373.339546,1.002883
z_alpha_country[Croatia],-0.238975,0.146757,-0.530082,0.05261,752.128069,1708.479898,1.002294
z_alpha_country[Cuba],0.323395,0.187083,-0.031684,0.696085,801.262135,1280.618801,1.005438
z_alpha_country[Curacao],-0.352522,0.195108,-0.725159,0.031895,921.702509,1394.147172,1.004077
z_alpha_country[Cyprus],-0.297069,0.154152,-0.58866,0.020904,757.016768,1822.76598,1.002623
z_alpha_country[Czechia],0.263308,0.145756,-0.024299,0.552077,748.747017,1541.271363,1.002887
z_alpha_country[Denmark],1.237885,0.159818,0.923183,1.546451,670.365381,1116.210968,1.004735
z_alpha_country[Djibouti],-1.871335,0.247116,-2.337096,-1.373402,947.65477,1626.648355,1.001975
z_alpha_country[Dominican Republic],-0.048645,0.185516,-0.405647,0.314344,800.87791,1473.201999,1.005286
z_alpha_country[Ecuador],0.20636,0.186279,-0.146149,0.578446,796.039074,1308.334195,1.005367
z_alpha_country[El Salvador],-0.248688,0.185113,-0.594388,0.122135,804.322195,1395.928918,1.004771
z_alpha_country[Eritrea],-0.728481,0.157729,-1.047383,-0.422947,792.66429,880.992911,1.003299
z_alpha_country[Estonia],-0.55335,0.155306,-0.855778,-0.244424,768.057299,1657.89962,1.002087
z_alpha_country[Eswatini],0.12225,0.15709,-0.202021,0.422465,876.571962,1369.570468,1.003015
z_alpha_country[Ethiopia],-0.454375,0.160306,-0.788838,-0.151911,842.409108,813.580221,1.003061
z_alpha_country[Fiji],-0.383991,0.183314,-0.736668,-0.024201,1162.664422,1748.194664,1.005471
z_alpha_country[Finland],0.945599,0.154466,0.643451,1.247494,678.298546,1220.044174,1.004375
z_alpha_country[France],1.59144,0.167361,1.270248,1.922088,743.473746,1241.751522,1.004127
z_alpha_country[French Polynesia],0.748386,0.195157,0.366509,1.12258,1192.441446,1566.092317,1.001578
z_alpha_country[Gabon],1.149476,0.172023,0.813552,1.498586,980.162199,1236.878054,1.00241
z_alpha_country[Georgia],-0.846909,0.160783,-1.16539,-0.530628,831.209638,1746.829223,1.001061
z_alpha_country[Germany],1.76431,0.172916,1.43045,2.105079,752.104449,1170.544113,1.004212
z_alpha_country[Ghana],0.367783,0.151571,0.064915,0.666704,906.811944,1116.264808,1.003066
z_alpha_country[Greece],0.63486,0.148767,0.344934,0.934799,724.177862,1461.259489,1.003615
z_alpha_country[Grenada],-1.431956,0.202554,-1.821607,-1.024989,924.576616,1235.365389,1.003121
z_alpha_country[Guam],0.296018,0.193031,-0.079286,0.667984,1231.855522,1712.431758,1.002804
z_alpha_country[Guatemala],-0.060183,0.185773,-0.410807,0.305738,798.914964,1419.939564,1.005061
z_alpha_country[Guinea],-0.445762,0.150519,-0.754249,-0.148807,795.369609,830.500357,1.003123
z_alpha_country[Guinea-Bissau],-1.090437,0.161955,-1.419324,-0.780256,732.2806,754.766774,1.004336
z_alpha_country[Guyana],-0.647137,0.188725,-1.023538,-0.290942,853.998985,1283.841955,1.004117
z_alpha_country[Haiti],-0.557937,0.189058,-0.919805,-0.19002,815.149909,1333.117914,1.00453
z_alpha_country[Honduras],-1.947557,0.216022,-2.379158,-1.536304,858.921211,1199.306606,1.002604
"z_alpha_country[Hong Kong SAR, China]",1.683603,0.199284,1.298476,2.072007,1106.557763,1227.004935,1.001229
z_alpha_country[Hungary],0.025583,0.145263,-0.252632,0.323228,767.20852,1592.467282,1.002462
z_alpha_country[Iceland],0.259018,0.163235,-0.061017,0.580989,726.124263,1234.207069,1.003226
z_alpha_country[India],0.070537,0.347225,-0.587626,0.772783,1437.945339,2014.707716,1.002575
z_alpha_country[Indonesia],0.34997,0.198442,-0.033975,0.734542,1199.618553,2177.901333,1.001826
"z_alpha_country[Iran, Islamic Rep.]",0.351717,0.231251,-0.09431,0.807335,982.83437,2088.274171,1.003912
z_alpha_country[Iraq],-0.52092,0.232273,-0.963733,-0.049152,966.670936,1663.414645,1.003048
z_alpha_country[Ireland],0.699367,0.152497,0.391453,0.994231,707.08077,1336.242945,1.003872
z_alpha_country[Israel],0.994494,0.228796,0.55941,1.45358,954.639029,1406.909327,1.004585
z_alpha_country[Italy],1.562145,0.166524,1.240888,1.889226,743.125238,1224.953411,1.004057
z_alpha_country[Jamaica],-0.050742,0.18473,-0.397649,0.318427,806.256857,1276.278182,1.004837
z_alpha_country[Japan],2.594778,0.226806,2.168749,3.053197,1078.643941,1359.816929,1.001617
z_alpha_country[Jordan],-0.594507,0.224939,-1.008788,-0.126662,934.235046,1780.718545,1.003155
z_alpha_country[Kazakhstan],-0.266576,0.151091,-0.552109,0.043725,829.380257,1765.090068,1.001622
z_alpha_country[Kenya],0.620768,0.152971,0.307685,0.915359,930.284819,1240.733395,1.002458
z_alpha_country[Kiribati],-2.577405,0.231273,-3.018952,-2.117272,1014.766079,1637.728857,1.003883
"z_alpha_country[Korea, Rep.]",1.850969,0.209573,1.456973,2.275196,1181.1959,1764.379555,1.001143
z_alpha_country[Kuwait],0.884285,0.229222,0.452217,1.350667,953.247365,1346.851804,1.004681
z_alpha_country[Lao PDR],-1.097767,0.191124,-1.457975,-0.717988,1065.290036,2072.235177,1.003978
z_alpha_country[Latvia],-0.692971,0.155397,-0.997169,-0.387461,767.337121,1632.459832,1.001836
z_alpha_country[Lebanon],-0.225102,0.223027,-0.646535,0.226448,943.556623,1905.751568,1.003708
z_alpha_country[Lesotho],-0.83219,0.159145,-1.158104,-0.529225,777.23482,880.568977,1.003612
z_alpha_country[Liberia],0.513827,0.154484,0.207722,0.819633,900.332181,1288.739012,1.002667
z_alpha_country[Libya],0.468,0.226155,0.038273,0.923718,976.372961,1799.29949,1.004013
z_alpha_country[Lithuania],-0.451507,0.150889,-0.740718,-0.145436,774.573028,1649.50843,1.002099
z_alpha_country[Luxembourg],0.959542,0.170272,0.624178,1.291708,703.830646,901.092272,1.003798
"z_alpha_country[Macao SAR, China]",1.413996,0.203013,1.021807,1.809954,1142.482781,1323.461591,1.000647
z_alpha_country[Madagascar],-0.336644,0.154664,-0.660129,-0.041392,854.119697,884.202436,1.003051
z_alpha_country[Malawi],-0.668132,0.153867,-0.97655,-0.359829,772.791421,758.577716,1.003345
z_alpha_country[Malaysia],0.768933,0.186469,0.406616,1.130504,1169.661733,2009.53135,1.002257
z_alpha_country[Maldives],0.368499,0.350286,-0.336658,1.039764,1189.515295,1516.723326,1.003622
z_alpha_country[Mali],-0.273832,0.150072,-0.583015,0.018683,826.803921,832.616955,1.002868
z_alpha_country[Malta],-0.219768,0.231897,-0.662174,0.235962,995.378792,1902.495901,1.003192
z_alpha_country[Mauritania],0.001957,0.150296,-0.301053,0.29826,834.987532,1076.843987,1.003064
z_alpha_country[Mauritius],0.720518,0.16339,0.406031,1.047648,920.513881,1324.845181,1.002792
z_alpha_country[Mexico],1.479545,0.20981,1.072779,1.907651,803.169103,921.201886,1.006152
"z_alpha_country[Micronesia, Fed. Sts.]",-1.882786,0.21114,-2.273563,-1.457577,1083.01254,1916.506456,1.005562
z_alpha_country[Moldova],-1.826432,0.17664,-2.182934,-1.490368,755.102319,1021.55657,1.000896
z_alpha_country[Mongolia],-0.886871,0.187796,-1.236891,-0.508203,1114.869426,2183.372466,1.004412
z_alpha_country[Montenegro],-1.366598,0.168612,-1.685304,-1.025905,787.293608,1231.089486,1.001406
z_alpha_country[Morocco],-0.696403,0.231045,-1.137101,-0.230104,939.641866,1493.200974,1.002658
z_alpha_country[Mozambique],-0.96769,0.166459,-1.31121,-0.64841,787.481107,784.514575,1.003017
z_alpha_country[Myanmar],-1.646794,0.214199,-2.059138,-1.217492,979.004635,1565.743315,1.003066
z_alpha_country[Namibia],0.596204,0.158047,0.2805,0.907003,906.548243,1263.66966,1.002888
z_alpha_country[Nepal],-0.575794,0.330834,-1.209434,0.107609,1337.07834,1796.028211,1.002703
z_alpha_country[Netherlands],1.335291,0.160083,1.014722,1.640336,694.651337,1228.141919,1.004316
z_alpha_country[New Caledonia],0.519837,0.289285,-0.040276,1.071941,2103.218376,3737.964782,1.000983
z_alpha_country[New Zealand],1.709428,0.20024,1.308507,2.085894,1087.315702,1152.469974,1.001491
z_alpha_country[Nicaragua],-0.834124,0.190289,-1.202048,-0.460927,823.260976,1324.350307,1.003784
z_alpha_country[Niger],-0.617696,0.154838,-0.930383,-0.311345,801.251664,805.732162,1.002964
z_alpha_country[Nigeria],1.242435,0.169216,0.902237,1.565492,1048.77888,1564.539134,1.002027
z_alpha_country[North Macedonia],-1.410097,0.165753,-1.730866,-1.080824,763.270853,1126.60913,1.001206
z_alpha_country[Norway],1.394917,0.164247,1.070839,1.714905,671.986355,1022.731307,1.004813
z_alpha_country[Oman],0.592045,0.226164,0.160816,1.045402,955.476534,1450.984785,1.004192
z_alpha_country[Pakistan],0.453554,0.332743,-0.182008,1.131441,1292.311684,1702.027468,1.003149
z_alpha_country[Panama],0.044166,0.184539,-0.315977,0.399347,800.46824,1234.072973,1.005187
z_alpha_country[Papua New Guinea],-0.429644,0.180327,-0.763066,-0.066703,1104.70171,2012.766493,1.00447
z_alpha_country[Paraguay],-0.052341,0.18458,-0.406536,0.308671,799.236602,1428.986246,1.005096
z_alpha_country[Peru],0.414884,0.190642,0.053481,0.794008,805.713011,1294.458653,1.005537
z_alpha_country[Philippines],0.309203,0.188566,-0.063214,0.670388,1166.151599,2140.40129,1.001635
z_alpha_country[Poland],0.227449,0.148816,-0.068994,0.522401,829.004538,1688.093728,1.002363
z_alpha_country[Portugal],0.532798,0.147308,0.2495,0.830769,729.034365,1500.896947,1.003506
z_alpha_country[Puerto Rico],1.250676,0.198266,0.869964,1.656551,766.937801,979.552129,1.006218
z_alpha_country[Qatar],1.204071,0.237043,0.757021,1.679499,947.734158,1050.326357,1.004241
z_alpha_country[Romania],-0.240115,0.148503,-0.522021,0.068777,821.151972,1590.840621,1.001713
z_alpha_country[Russian Federation],0.407835,0.160147,0.083582,0.717382,926.669768,1967.889319,1.002297
z_alpha_country[Rwanda],-0.667903,0.153952,-0.973614,-0.359926,779.589401,775.654841,1.003438
z_alpha_country[Samoa],-1.412069,0.197284,-1.784679,-1.022904,1094.000007,1805.209107,1.005955
z_alpha_country[Sao Tome and Principe],-1.495921,0.180598,-1.852485,-1.140687,770.852783,882.043843,1.00359
z_alpha_country[Saudi Arabia],1.23922,0.233229,0.807024,1.721314,942.78252,1313.742687,1.004741
z_alpha_country[Senegal],0.16689,0.148361,-0.146521,0.449172,855.916467,1044.568716,1.003457
z_alpha_country[Seychelles],0.136258,0.181535,-0.219801,0.49987,1000.352995,1482.284606,1.002452
z_alpha_country[Sierra Leone],-0.157809,0.149542,-0.470373,0.127725,830.340681,970.793884,1.002987
z_alpha_country[Singapore],1.507221,0.226045,1.089388,1.964306,1416.549656,2457.811553,1.001208
z_alpha_country[Slovak Republic],-0.064873,0.146304,-0.346564,0.233978,744.132538,1676.294765,1.002557
z_alpha_country[Slovenia],-0.155064,0.149737,-0.441937,0.153192,726.499489,1712.122215,1.002814
z_alpha_country[Solomon Islands],-1.245831,0.194457,-1.601044,-0.84672,1111.664492,2067.018478,1.00531
z_alpha_country[Somalia],-1.117321,0.161553,-1.4485,-0.803819,715.407405,710.241847,1.003393
z_alpha_country[South Africa],2.049443,0.182713,1.68336,2.406479,990.529338,1048.726798,1.001945
z_alpha_country[South Sudan],0.284866,0.271633,-0.199744,0.777351,1471.087114,1878.358164,1.001548
z_alpha_country[Spain],1.184286,0.157561,0.882964,1.496353,745.364005,1382.596529,1.003779
z_alpha_country[Sri Lanka],0.302824,0.332489,-0.341076,0.975729,1248.825688,1605.231368,1.003214
z_alpha_country[Sudan],0.519861,0.15166,0.209,0.810407,916.873587,1136.588565,1.002868
z_alpha_country[Suriname],-0.183242,0.187855,-0.53913,0.190176,854.488586,1218.56091,1.004721
z_alpha_country[Sweden],1.234544,0.158241,0.929813,1.545016,676.201913,1207.834335,1.004659
z_alpha_country[Switzerland],1.794159,0.174613,1.455245,2.134511,661.509436,1019.627455,1.005138
z_alpha_country[Syrian Arab Republic],-1.30761,0.237656,-1.768397,-0.834802,916.674536,1342.088728,1.001693
z_alpha_country[Tajikistan],-2.439906,0.199838,-2.829229,-2.050167,760.9073,968.37137,1.00085
z_alpha_country[Tanzania],-0.103098,0.153414,-0.408694,0.201387,882.275659,892.75822,1.002642
z_alpha_country[Thailand],0.603632,0.188905,0.222387,0.956889,1194.85697,2283.219703,1.001874
z_alpha_country[Timor-Leste],-1.85408,0.204866,-2.230382,-1.441396,1007.182876,1991.588822,1.004348
z_alpha_country[Togo],-0.396772,0.15015,-0.700626,-0.102216,798.782332,852.709392,1.00324
z_alpha_country[Tonga],-1.811741,0.209242,-2.197427,-1.391085,1088.597169,1900.929378,1.005504
z_alpha_country[Trinidad and Tobago],0.234338,0.186861,-0.124367,0.606101,813.249265,1345.735663,1.005119
z_alpha_country[Tunisia],-0.730953,0.227171,-1.160952,-0.270362,930.156989,1591.244288,1.002736
z_alpha_country[Turkmenistan],-1.153754,0.165168,-1.480505,-0.8314,845.066198,1366.961768,1.001066
z_alpha_country[Uganda],-0.334348,0.160418,-0.666075,-0.025995,925.853196,933.680452,1.002767
z_alpha_country[Ukraine],-1.011872,0.165905,-1.324592,-0.672931,855.146932,1352.233243,1.000828
z_alpha_country[United Arab Emirates],1.752896,0.244474,1.281162,2.242347,916.240329,985.93763,1.003581
z_alpha_country[United Kingdom],1.712744,0.170722,1.390703,2.053869,743.840912,1186.765587,1.004305
z_alpha_country[United States],1.176026,0.696374,-0.177066,2.494588,845.358196,1516.462317,1.0035
z_alpha_country[Uruguay],0.492153,0.186472,0.13468,0.862191,784.637228,1168.408286,1.005664
z_alpha_country[Uzbekistan],-1.195513,0.166565,-1.511934,-0.857806,821.436105,1278.257922,1.000682
z_alpha_country[Vanuatu],-1.517136,0.198488,-1.88407,-1.122888,1078.947363,1855.639097,1.005886
"z_alpha_country[Venezuela, RB]",0.416496,0.191978,0.051166,0.797262,816.172891,1353.006793,1.005386
z_alpha_country[Viet Nam],-0.135505,0.19281,-0.515092,0.237068,1169.113571,2118.123724,1.001881
z_alpha_country[West Bank and Gaza],-1.152156,0.230896,-1.600822,-0.697799,919.8772,1574.430406,1.002048
z_alpha_country[Zambia],0.16735,0.149231,-0.146204,0.452351,879.306071,1049.482918,1.00319
z_alpha_country[Zimbabwe],0.57902,0.151718,0.270289,0.871697,911.311648,1340.018188,1.003417
sigma_theta,0.295139,0.060099,0.186429,0.41469,6295.398938,9521.703455,1.000992
sigma_alpha_region,0.55088,0.190816,0.252547,0.93379,453.363324,692.785109,1.008865
sigma_tau_region,0.037667,0.014313,0.017731,0.065765,2619.906885,3130.595721,1.000162
sigma_alpha_country,0.500751,0.027316,0.446387,0.555379,737.219062,725.735808,1.003127
sigma,0.061072,0.000968,0.059144,0.062922,7653.332768,11315.303724,1.000457
nu_minus2,0.085375,0.047921,0.007044,0.179006,6894.97423,7838.498611,1.000256
alpha_region[East Asia & Pacific],10.305991,0.089105,10.137325,10.485105,1132.668631,2092.712446,1.004332
alpha_region[Europe & Central Asia],10.745151,0.072336,10.597313,10.884059,778.905052,1520.000378,1.002517
alpha_region[Latin America & Caribbean],10.417728,0.091925,10.232398,10.58833,812.557424,1408.312216,1.005331
alpha_region[Middle East & North Africa],10.637552,0.111322,10.408807,10.845117,987.852229,2023.249148,1.003933
alpha_region[North America],11.262204,0.347748,10.617506,11.94772,888.332802,1575.133083,1.003401
alpha_region[South Asia],9.986141,0.167176,9.632472,10.300683,1319.034282,1710.641914,1.003014
alpha_region[Sub-Saharan Africa],9.783862,0.07341,9.645867,9.940511,855.875098,1036.05319,1.003281
tau_region[East Asia & Pacific],0.147226,0.006037,0.135511,0.159142,3511.086851,7444.041734,1.001185
tau_region[Europe & Central Asia],0.145424,0.003822,0.137743,0.152729,4366.564101,7780.432469,1.000706
tau_region[Latin America & Caribbean],0.093927,0.005157,0.083737,0.103942,3178.77704,6082.025507,1.001676
tau_region[Middle East & North Africa],0.107193,0.007928,0.091601,0.122887,2621.728877,4807.782364,1.002289
tau_region[North America],0.112216,0.006448,0.099699,0.12492,5315.533914,9692.655667,1.001334
tau_region[South Asia],0.168533,0.007313,0.153979,0.182624,3878.696985,7826.437228,1.001616
tau_region[Sub-Saharan Africa],0.089897,0.005403,0.079681,0.100762,2348.672389,3483.771607,1.002264
alpha_country[Afghanistan],9.492595,0.026785,9.440025,9.544227,6257.715786,11110.846666,1.000638
alpha_country[Albania],10.034177,0.019357,9.996398,10.072157,4201.005557,9207.93559,1.000989
alpha_country[Algeria],10.581689,0.020294,10.541204,10.621527,3035.567516,4957.737797,1.002052
alpha_country[Angola],10.324383,0.017325,10.290613,10.357772,5396.343005,10286.245076,1.000876
alpha_country[Antigua and Barbuda],9.97883,0.051711,9.874733,10.079073,2099.79812,2971.181876,1.002163
alpha_country[Argentina],11.041033,0.020857,11.000273,11.082023,2398.618592,3623.695174,1.002487
alpha_country[Armenia],9.912793,0.024213,9.865539,9.960089,7925.215091,12426.809954,1.000588
alpha_country[Aruba],10.246105,0.051571,10.143415,10.347355,2051.929535,2755.517262,1.002097
alpha_country[Australia],11.511859,0.014517,11.482269,11.539568,3195.289957,5363.778132,1.001857
alpha_country[Austria],11.31074,0.011175,11.289238,11.332857,9920.537912,13439.781918,1.000356
alpha_country[Azerbaijan],10.312175,0.023265,10.26593,10.356121,15703.911327,11836.289989,1.00058
alpha_country[Bahrain],10.871576,0.029538,10.814308,10.930187,2385.949491,3643.021322,1.0023
alpha_country[Bangladesh],10.071887,0.033911,10.004149,10.1382,2208.93819,3078.627559,1.002682
alpha_country[Barbados],10.595448,0.035773,10.526048,10.665866,2099.028136,2682.561852,1.002467
alpha_country[Belarus],10.312479,0.02353,10.266229,10.357894,16648.668912,14079.391176,1.000169
alpha_country[Belgium],11.303211,0.011575,11.28043,11.325927,5957.491848,10825.261399,1.000541
alpha_country[Belize],9.985138,0.042684,9.901135,10.065733,2537.480711,4288.919304,1.0017
alpha_country[Benin],9.687733,0.01033,9.667286,9.70749,14331.246478,14626.533527,1.000032
alpha_country[Bhutan],9.607111,0.032434,9.545165,9.671721,2421.409126,3581.038717,1.002165
alpha_country[Bolivia],10.162291,0.011263,10.140618,10.184369,10807.336954,13008.209059,1.000216
alpha_country[Bosnia and Herzegovina],10.112421,0.017373,10.078916,10.146661,7192.184236,11844.144663,1.000409
alpha_country[Botswana],10.20271,0.022872,10.159475,10.249236,2915.590683,5355.896709,1.002164
alpha_country[Brazil],11.093176,0.038275,11.018725,11.168992,2299.207684,3482.08272,1.002841
alpha_country[Brunei Darussalam],10.9749,0.040354,10.89594,11.053565,2848.958983,4739.18234,1.00165
alpha_country[Bulgaria],10.4294,0.015655,10.398977,10.45981,14928.928787,14534.407777,1.000557
alpha_country[Burkina Faso],9.390687,0.014977,9.360936,9.420388,6027.571262,9722.940307,1.000171
alpha_country[Burundi],9.244374,0.014332,9.216803,9.272692,20703.08081,14795.902859,1.000431
alpha_country[Cabo Verde],9.819417,0.035672,9.746326,9.887123,2547.234418,3825.490552,1.002201
alpha_country[Cambodia],9.776657,0.016735,9.744301,9.809669,11181.558646,13186.857618,1.000558
alpha_country[Cameroon],9.931391,0.013607,9.905228,9.958656,3604.753738,6307.326201,1.001169
alpha_country[Canada],11.503687,0.018463,11.466002,11.538981,2832.729878,4259.122267,1.00209
alpha_country[Central African Republic],9.366685,0.013321,9.340765,9.392718,6356.757061,12466.930962,1.00116
alpha_country[Chad],9.620513,0.012612,9.595086,9.644565,13525.120771,14038.926086,1.000086
alpha_country[Channel Islands],10.675682,0.044819,10.583911,10.761105,2414.694454,3607.157536,1.002089
alpha_country[Chile],10.742278,0.017416,10.709066,10.777112,7158.831177,11295.180795,1.00042
alpha_country[China],10.07511,0.075832,9.924016,10.220776,2669.455451,4290.10899,1.00198
alpha_country[Colombia],10.677362,0.020524,10.638697,10.718839,2499.821261,3805.978455,1.002253
alpha_country[Comoros],9.542681,0.031017,9.481334,9.603046,2426.258183,3542.021256,1.002261
"alpha_country[Congo, Dem. Rep.]",10.028003,0.028327,9.971651,10.082996,3151.225734,4939.591192,1.002063
alpha_country[Costa Rica],10.59068,0.017351,10.555438,10.623789,4185.402641,8765.942652,1.001332
alpha_country[Cote d'Ivoire],10.146672,0.016814,10.11396,10.180008,6007.772791,9964.305773,1.000576
alpha_country[Croatia],10.625801,0.015632,10.595367,10.656333,8240.616833,12053.496291,1.000471
alpha_country[Cuba],10.579192,0.014569,10.551043,10.607802,10245.54535,13410.598221,1.000105
alpha_country[Curacao],10.241124,0.045843,10.148085,10.329074,2154.674615,2991.859354,1.002313
alpha_country[Cyprus],10.596572,0.026523,10.544324,10.64809,2478.000819,3781.960684,1.002433
alpha_country[Czechia],10.876691,0.014297,10.849577,10.905799,10222.350921,12723.289015,1.000635
alpha_country[Denmark],11.363185,0.011714,11.340546,11.386404,9130.028179,13149.153626,1.000508
alpha_country[Djibouti],9.702937,0.039574,9.624036,9.780408,3398.060885,6305.33804,1.001332
alpha_country[Dominican Republic],10.393405,0.012892,10.367907,10.418289,12726.85102,14719.653688,1.000242
alpha_country[Ecuador],10.520774,0.01204,10.496846,10.54406,5879.580524,10577.69294,1.000931
alpha_country[El Salvador],10.293484,0.013953,10.266184,10.321108,10759.519561,14116.934635,1.00025
alpha_country[Eritrea],9.420009,0.023788,9.37385,9.467472,4234.785275,8078.643068,1.001568
alpha_country[Estonia],10.468654,0.026782,10.416063,10.521395,3009.516131,4982.961419,1.001372
alpha_country[Eswatini],9.844649,0.027082,9.79222,9.897885,2478.22158,3856.28716,1.002569
alpha_country[Ethiopia],9.557399,0.0264,9.506475,9.609538,2194.017136,3519.801547,1.002595
alpha_country[Fiji],10.114106,0.030161,10.05535,10.173629,2787.210604,4955.196862,1.001784
alpha_country[Finland],11.217234,0.014371,11.189069,11.245244,6610.319832,11466.437374,1.000346
alpha_country[France],11.54006,0.026038,11.488929,11.591646,2395.716055,3431.585404,1.002458
alpha_country[French Polynesia],10.679289,0.040427,10.599244,10.759155,2166.756293,3006.218399,1.002118
alpha_country[Gabon],10.357564,0.028468,10.303126,10.414031,3900.035964,6742.121802,1.001605
alpha_country[Georgia],10.322319,0.02816,10.266502,10.3767,15099.620564,12768.695618,1.000209
alpha_country[Germany],11.626414,0.029274,11.569161,11.684967,2325.760051,3384.387663,1.002324
alpha_country[Ghana],9.967699,0.018882,9.931108,10.005078,4159.089028,6608.864349,1.001351
alpha_country[Greece],11.062199,0.014875,11.033306,11.091894,9813.851816,12616.812273,1.000572
alpha_country[Grenada],9.702166,0.045634,9.610777,9.791017,2084.270717,2803.680087,1.002234
alpha_country[Guam],10.453378,0.044696,10.36642,10.540959,2164.923804,3261.374703,1.002134
alpha_country[Guatemala],10.387687,0.011417,10.365136,10.410185,6152.625855,9398.966155,1.000602
alpha_country[Guinea],9.561388,0.010691,9.540506,9.582328,10515.354696,13149.43606,1.000121
alpha_country[Guinea-Bissau],9.23924,0.022159,9.196138,9.282589,2405.298355,3734.310264,1.002753
alpha_country[Guyana],10.094244,0.030047,10.033876,10.152876,2427.584882,3699.868268,1.002442
alpha_country[Haiti],10.139144,0.01541,10.107676,10.168095,14333.984552,13801.18881,1.000365
alpha_country[Honduras],9.445283,0.026602,9.39366,9.497226,16206.991365,12554.978365,1.000101
"alpha_country[Hong Kong SAR, China]",11.146676,0.015597,11.116082,11.177127,12867.739584,15375.434302,1.000141
alpha_country[Hungary],10.758008,0.013473,10.731277,10.784027,8609.287191,13209.222509,1.000277
alpha_country[Iceland],10.874082,0.034936,10.809168,10.946131,2053.57156,2951.666465,1.002525
alpha_country[India],10.021408,0.073636,9.87676,10.165188,2648.426075,4168.134108,1.002007
alpha_country[Indonesia],10.481356,0.041243,10.401536,10.562767,2247.421558,3284.847986,1.002745
"alpha_country[Iran, Islamic Rep.]",10.813554,0.029208,10.755693,10.870202,2668.504358,4489.425677,1.001952
alpha_country[Iraq],10.377723,0.025822,10.326474,10.427199,5125.787876,8532.193393,1.001063
alpha_country[Ireland],11.094276,0.016352,11.063382,11.127533,7500.342356,12203.88804,1.000346
alpha_country[Israel],11.134096,0.012683,11.109544,11.159143,12286.667689,14346.665284,1.00036
alpha_country[Italy],11.525417,0.025978,11.473748,11.575496,2716.920446,3985.049424,1.001995
alpha_country[Jamaica],10.39218,0.019367,10.35462,10.42987,3719.87702,8040.905667,1.001841
alpha_country[Japan],11.601997,0.034235,11.534578,11.667611,2970.153103,4703.166905,1.002052
alpha_country[Jordan],10.340735,0.01397,10.313115,10.367397,8866.412554,13323.469514,1.000595
alpha_country[Kazakhstan],10.612229,0.023,10.569039,10.659453,6631.887991,10967.057361,1.000602
alpha_country[Kenya],10.094071,0.019233,10.05552,10.131431,2553.276195,3807.924647,1.001876
alpha_country[Kiribati],9.018679,0.050905,8.916192,9.115801,2222.462527,3314.043339,1.001982
"alpha_country[Korea, Rep.]",11.230529,0.034544,11.161838,11.295411,4996.910439,9154.490571,1.000653
alpha_country[Kuwait],11.078911,0.021339,11.036716,11.120462,3049.873157,6293.965283,1.002043
alpha_country[Lao PDR],9.757996,0.018889,9.721131,9.795469,15039.825794,15093.10841,1.000197
alpha_country[Latvia],10.399003,0.025247,10.349966,10.44869,4343.516133,9003.425043,1.001085
alpha_country[Lebanon],10.525142,0.016208,10.493549,10.556431,6676.570073,12120.347751,1.000742
alpha_country[Lesotho],9.368242,0.023568,9.322105,9.414534,4407.613139,8975.77606,1.001086
alpha_country[Liberia],10.040338,0.018709,10.002994,10.076157,5183.707677,10858.206558,1.000969
alpha_country[Libya],10.871218,0.021953,10.828828,10.914161,16557.967533,13438.716053,1.000138
alpha_country[Lithuania],10.51963,0.020544,10.479558,10.559038,6258.525779,11249.411762,1.000684
alpha_country[Luxembourg],11.223911,0.031461,11.161149,11.284998,2556.746298,4135.548682,1.001849
"alpha_country[Macao SAR, China]",11.011705,0.034725,10.944909,11.081855,2458.653714,3739.804281,1.001934
alpha_country[Madagascar],9.615965,0.022392,9.572513,9.660425,7380.842591,9993.691003,1.000661
alpha_country[Malawi],9.450407,0.011889,9.428005,9.474538,6361.817117,11401.836063,1.000327
alpha_country[Malaysia],10.690185,0.021816,10.646,10.731516,5200.096313,9945.664132,1.000888
alpha_country[Maldives],10.169083,0.037069,10.098503,10.24595,2233.599616,3327.477254,1.002752
alpha_country[Mali],9.647289,0.01305,9.622445,9.673224,4623.438392,8186.932174,1.000712
alpha_country[Malta],10.527477,0.042245,10.443138,10.609512,2619.883642,4475.464081,1.002052
alpha_country[Mauritania],9.784728,0.016372,9.751878,9.815925,3156.293109,6109.019671,1.002277
alpha_country[Mauritius],10.1434,0.027542,10.090115,10.196915,2876.410668,5156.506076,1.002094
alpha_country[Mexico],11.156751,0.030874,11.097269,11.218637,2305.242056,3493.552581,1.002365
"alpha_country[Micronesia, Fed. Sts.]",9.365527,0.046752,9.273174,9.456485,2121.982517,3111.76474,1.002157
alpha_country[Moldova],9.833165,0.018491,9.797926,9.870497,4995.620883,9771.41452,1.00133
alpha_country[Mongolia],9.863145,0.026093,9.812176,9.914004,6076.377998,9952.32876,1.000679
alpha_country[Montenegro],10.062544,0.029813,10.003668,10.120706,2347.292914,3542.879633,1.002402
alpha_country[Morocco],10.290125,0.018677,10.2542,10.327617,2840.199767,4663.984603,1.002103
alpha_country[Mozambique],9.300921,0.02612,9.250606,9.351829,7485.311724,11092.537238,1.000156
alpha_country[Myanmar],9.484218,0.024677,9.435817,9.532716,2474.186324,3846.411473,1.00201
alpha_country[Namibia],10.081356,0.022398,10.037711,10.125562,2941.87884,5860.47937,1.001899
alpha_country[Nepal],9.698223,0.015998,9.666534,9.729247,2807.435352,4685.898844,1.001829
alpha_country[Netherlands],11.41195,0.01407,11.384574,11.439399,4878.855341,8037.153435,1.001104
alpha_country[New Caledonia],10.565248,0.119196,10.328779,10.794622,6143.842884,4466.149909,1.000647
alpha_country[New Zealand],11.159485,0.014779,11.131017,11.189215,4939.225624,11010.571375,1.000969
alpha_country[Nicaragua],10.001171,0.017844,9.967078,10.036399,11868.571382,12826.20138,1.00056
alpha_country[Niger],9.475598,0.016018,9.445077,9.507834,7759.702761,10192.059944,1.000619
alpha_country[Nigeria],10.404667,0.03521,10.333964,10.47227,2246.252697,3331.286268,1.002213
alpha_country[North Macedonia],10.040965,0.020919,10.0011,10.08286,2827.802043,5317.251548,1.002159
alpha_country[Norway],11.441573,0.01112,11.420134,11.463808,10088.589851,13551.424776,1.000387
alpha_country[Oman],10.932992,0.022649,10.88957,10.977674,3112.592565,6445.206282,1.002337
alpha_country[Pakistan],10.212413,0.035148,10.141456,10.279626,2125.429918,3064.758,1.002966
alpha_country[Panama],10.43957,0.0186,10.402827,10.47568,3467.709253,6933.66949,1.001462
alpha_country[Papua New Guinea],10.091541,0.014694,10.062157,10.119733,10103.57875,13499.020042,1.000721
alpha_country[Paraguay],10.39149,0.013894,10.364849,10.419323,8357.325886,12717.351953,1.000376
alpha_country[Peru],10.624984,0.019039,10.5878,10.662218,3803.861473,6460.617474,1.001427
alpha_country[Philippines],10.46085,0.028083,10.406275,10.517114,2280.180102,3413.92753,1.002377
alpha_country[Poland],10.858986,0.023106,10.813807,10.904505,3029.705527,5028.308085,1.002094
alpha_country[Portugal],11.01123,0.013926,10.983072,11.037752,9319.742211,12847.262727,1.000246
alpha_country[Puerto Rico],11.041982,0.015989,11.009767,11.07219,4364.577228,8659.682947,1.001475
alpha_country[Qatar],11.238439,0.028304,11.183652,11.293773,2155.601007,2975.77357,1.002531
alpha_country[Romania],10.62546,0.019288,10.587866,10.663464,4664.201212,8127.210267,1.001392
alpha_country[Russian Federation],10.949249,0.037861,10.875745,11.022982,2385.572932,3806.658004,1.002544
alpha_country[Rwanda],9.45048,0.013507,9.423774,9.476856,13850.94043,13211.985304,1.000231
alpha_country[Samoa],9.600631,0.039716,9.523182,9.678734,2084.722379,3035.510068,1.00217
alpha_country[Sao Tome and Principe],9.036538,0.041498,8.954834,9.118597,2200.421056,3295.324854,1.001905
alpha_country[Saudi Arabia],11.256459,0.019235,11.219061,11.293782,5143.825275,8578.699024,1.000989
alpha_country[Senegal],9.867285,0.01035,9.847143,9.887898,7521.861349,11371.046423,1.000419
alpha_country[Seychelles],9.851299,0.051582,9.749636,9.95508,2059.842257,2917.294436,1.002191
alpha_country[Sierra Leone],9.705092,0.014111,9.677483,9.7325,17124.673103,14061.262542,1.000228
alpha_country[Singapore],11.058549,0.061161,10.960562,11.178023,8689.628304,16073.08953,1.000298
alpha_country[Slovak Republic],10.712757,0.015066,10.682703,10.742278,12986.437193,14071.53016,1.000354
alpha_country[Slovenia],10.667557,0.021296,10.625461,10.708446,2927.639388,5347.467713,1.001937
alpha_country[Solomon Islands],9.683744,0.036522,9.610514,9.753552,2825.857901,4298.13941,1.001768
alpha_country[Somalia],9.226107,0.011321,9.203813,9.248006,11360.31011,13042.004384,1.000417
alpha_country[South Africa],10.807415,0.023902,10.760727,10.854703,2571.598465,3840.798306,1.002002
alpha_country[South Sudan],9.926242,0.113772,9.759358,10.097219,2659.197212,13493.051957,1.000242
alpha_country[Spain],11.336718,0.022255,11.294182,11.381374,2586.22197,3856.864881,1.002219
alpha_country[Sri Lanka],10.136851,0.015181,10.107631,10.167182,3532.091984,6125.778217,1.001586
alpha_country[Sudan],10.043664,0.017976,10.008896,10.079273,2734.215744,4025.717847,1.001786
alpha_country[Suriname],10.325827,0.031274,10.266205,10.389073,2214.707457,3155.894875,1.002736
alpha_country[Sweden],11.361595,0.011087,11.339156,11.382579,8207.702906,12405.401893,1.000267
alpha_country[Switzerland],11.640958,0.014216,11.613424,11.669447,16903.477759,15464.135069,1.000244
alpha_country[Syrian Arab Republic],9.984885,0.014976,9.955219,10.013818,4816.519281,7753.169579,1.000826
alpha_country[Tajikistan],9.527037,0.018258,9.491643,9.562952,17708.458882,14043.539966,0.999973
alpha_country[Tanzania],9.732675,0.021487,9.692019,9.77681,2844.628017,4523.369158,1.001877
alpha_country[Thailand],10.607814,0.029164,10.55168,10.666608,2960.287036,5198.787176,1.001528
alpha_country[Timor-Leste],9.38013,0.027882,9.326618,9.436141,2576.185333,3904.798515,1.002214
alpha_country[Togo],9.585759,0.011979,9.562702,9.609614,9148.350599,12754.779038,1.001011
alpha_country[Tonga],9.401,0.046217,9.308368,9.491171,2112.607831,2969.969392,1.001965
alpha_country[Trinidad and Tobago],10.534422,0.023638,10.487533,10.580062,2587.331715,4231.210494,1.002359
alpha_country[Tunisia],10.272714,0.010951,10.250814,10.293622,8417.785771,12785.723801,1.00014
alpha_country[Turkmenistan],10.169095,0.02692,10.116472,10.219973,17189.070075,15649.97689,1.000197
alpha_country[Uganda],9.617167,0.030242,9.556605,9.675655,6887.156666,12641.037292,1.000467
alpha_country[Ukraine],10.240275,0.027308,10.186992,10.294568,2989.313632,5529.509341,1.001758
alpha_country[United Arab Emirates],11.512606,0.022129,11.469007,11.555827,3574.02343,8305.194665,1.001819
alpha_country[United Kingdom],11.600634,0.026425,11.548351,11.652468,2235.490335,3169.157093,1.002395
alpha_country[United States],11.850533,0.04514,11.760441,11.936136,2236.734442,3483.730139,1.002933
alpha_country[Uruguay],10.66329,0.01387,10.635792,10.690317,4168.367297,9296.16325,1.001141
alpha_country[Uzbekistan],10.148491,0.022679,10.103946,10.192603,3812.831291,5739.984163,1.00145
alpha_country[Vanuatu],9.548179,0.038552,9.472014,9.623431,2017.671324,2606.06777,1.002457
"alpha_country[Venezuela, RB]",10.625802,0.023239,10.581582,10.672188,4919.806878,8690.887027,1.001266
alpha_country[Viet Nam],10.238843,0.032424,10.175516,10.302931,2750.404118,4485.961021,1.0021
alpha_country[West Bank and Gaza],10.062228,0.020659,10.020732,10.102058,4062.12821,8654.27224,1.001244
alpha_country[Zambia],9.867529,0.014519,9.839442,9.896479,10801.730649,13127.037315,1.000285
alpha_country[Zimbabwe],10.073093,0.014828,10.044616,10.102448,6261.847893,10282.596261,1.000623
nu,2.085375,0.047921,2.007044,2.179006,6894.97423,7838.498611,1.000256
