ISO3,g_pop_pct,g_agg_A_pct,g_agg_B_pct,g_agg_fitted_pct,oadr_2024,oadr_2050,oadr_2100,pressure_2050_pct,pressure_2100_pct,benefit_shortfall_2050_pct,benefit_shortfall_2100_pct,benefit_shortfall_2100_fitted_vs_B_pct,debt_wedge_pp_per_100pct_debt,doubling_years_A,doubling_years_B,doubling_delay_years,npv_ratio_B_over_A,gdp_2100_ratio_B_over_A
ABW,-0.47763584165992884,0.8488484471589652,0.6293562956607056,0.942281231877622,0.2552294267462736,0.3718819820647017,0.5165602257537502,14.570497877362461,20.239054420134263,-4.680438545331378,-15.364301063650032,-21.165774646737347,0.21949215149825954,55.0,65.0,10.0,0.9421230006591441,0.8463569893634998
AFG,1.4687260753561642,4.156970896720658,4.243295935605291,3.9539476682835057,0.0487843926283892,0.0826879294011424,0.3294509295763632,16.949668725202834,67.53203469927904,4.479750830083562,6.780701810479117,24.595796415701198,-0.0863250388846333,22.0,21.0,-1.0,1.0526912353027176,1.0678070181047912
AGO,1.8110018546841276,3.21544851761875,3.3414614390706325,2.986418273430319,0.0521911690679762,0.0678517892478477,0.1674592644912326,13.000626439211274,32.08574697246691,4.817272201370915,10.050572076498533,30.97454506966404,-0.1260129214518825,45.0,41.0,-4.0,1.0626167106780526,1.1005057207649853
ALB,-1.1275444333749354,0.8568331663282358,0.4277020010340267,1.231713306839015,0.2546011295428436,0.4655914402028898,0.7435080591069662,18.28709248222488,29.202857836569446,-9.411555956820406,-27.82956313343774,-45.721858590848626,0.4291311652942091,39.0,50.0,11.0,0.8928407962755587,0.7217043686656226
ARE,1.135381684565757,2.6524499476037495,2.690382668114156,2.499054422629552,0.0257030619555898,0.1847017845520778,0.4341960991976789,71.859837116375,168.92777208718965,1.1364476782162125,2.924844163437279,15.651302674936218,-0.03793272051040644,48.0,47.0,-1.0,1.015486287599511,1.0292484416343728
ARG,-0.23383433803795098,1.062424259586293,0.9239025711317437,1.145274189552111,0.1900887563208754,0.2849182559758419,0.5126234018200168,14.988695885562612,26.96758144677918,-0.13429464289640425,-9.992436763312663,-15.48510796053545,0.13852168845454924,51.0,57.0,6.0,0.9840095924722725,0.9000756323668734
ARM,-0.7418760149737347,1.2980105879892818,1.0105571900404466,1.4956351295288506,0.2155057969731834,0.36886327507757904,0.6075641974749078,17.11616486694689,28.19247584094039,-6.905678417432625,-19.62480541275806,-30.83389351367848,0.2874533979488352,36.0,42.0,6.0,0.9184234236762369,0.8037519458724194
ATG,-0.4233240966693909,0.9087318295034591,0.7018046183646182,1.013227970818191,0.1347143334447043,0.3085938986490772,0.5187580666212277,22.907280224620244,38.5080082687831,-2.1370784533122356,-14.552213471465869,-21.075757385975546,0.20692721113884094,53.0,61.0,8.0,0.9623099612436491,0.8544778652853414
AUS,0.6307605847916645,2.4772476810110895,2.4935851864290637,2.4377259609376094,0.2750370802998297,0.372377211364454,0.5311306914987534,13.539163917771004,19.31123944886795,0.7440543735210525,1.2493908938913778,4.336702883820398,-0.016337505417974435,37.0,37.0,0.0,1.0078301929584361,1.0124939089389138
AUT,-0.2752233678607425,1.6453774757065367,1.5352188316266846,1.712341160128748,0.3335337874030867,0.5451539651494098,0.6128762840840521,16.344789815568912,18.375238348592575,-4.699470714341036,-8.03117908713159,-12.594586830049082,0.1101586440798519,39.0,42.0,3.0,0.9507011255305804,0.919688209128684
AZE,-0.04075519247152973,1.952135922918187,1.8610592728751656,1.9908250627583015,0.1235952421965231,0.2648516354158957,0.4490181989087369,21.42895071921679,36.329731705592174,-0.38576821410212236,-6.687700000573993,-9.391485679855283,0.0910766500430215,36.0,37.0,1.0,0.9825613811372191,0.9331229999942602
BDI,1.304998720813801,2.727328297864139,2.822024007929022,2.461043645301255,0.0567727976152715,0.0662544100014617,0.1727021189315276,11.670097790572807,30.419871168207486,4.112623351045364,7.4621750485964755,31.566872908696,-0.09469571006488313,47.0,43.0,-4.0,1.0476392918920856,1.074621750485965
BEL,-0.07826944306577328,1.930456693025991,1.8768846947158986,1.9789477486702594,0.328823109082841,0.4626453996723434,0.5470689989132241,14.069734969745944,16.637182235735143,-1.9331986482927221,-3.989700970351373,-7.463582940263458,0.053571998310092406,37.0,39.0,2.0,0.9783638988356014,0.9601029902964863
BEN,1.3249217747966617,2.696598224472595,2.789740094077111,2.6073628329184704,0.0605324008775583,0.078799619746128,0.1742934105508393,13.017758853728543,28.793407831847063,3.808145917045014,7.335345853405495,14.86722595876051,-0.09314186960451623,47.0,43.0,-4.0,1.0452214517442169,1.073353458534055
BFA,0.9868805925526134,2.5950765431303884,2.670230781975935,2.607452447495622,0.045881571989514,0.0670475114535491,0.1909521454372462,14.613167889904135,41.618483665051265,3.5349168432672773,5.87799149152386,4.886804912519871,-0.07515423884554666,41.0,38.0,-3.0,1.0391629913334155,1.0587799149152388
BGD,0.24192744620818132,2.558388213420312,2.472307773610421,2.5986025027634296,0.0838252783782576,0.240052378940288,0.6293630665429215,28.637230151155958,75.08034315173408,1.0491533115997598,-6.332708474645877,-9.15214430818645,0.08608043980989112,29.0,28.0,-1.0,0.9918912743915466,0.9366729152535412
BGR,-0.8540049704740624,1.3078897936602516,1.0298675570819225,1.5462004801740574,0.3560100615724282,0.5037640067642363,0.5166719032374003,14.150274420312932,14.512845534627857,-9.159732159055412,-19.04663191897914,-32.457490877471095,0.278022236578329,36.0,41.0,5.0,0.9105486420776081,0.8095336808102085
BHR,0.8603632082911363,2.3891763257250163,2.4072309870903927,2.2991365030933313,0.0487415354434635,0.17756451972208231,0.5504095388741086,36.429816604370984,112.92412802886405,1.283792088229574,1.381611506867908,8.562060303716423,-0.018054661365376687,46.0,44.0,-2.0,1.0105853191692884,1.0138161150686789
BIH,-1.104858977459326,1.238815438566554,0.8542075045820741,1.6202514968812916,0.2981304362605936,0.4898023801054412,0.6159152235702318,16.429130358139904,20.65925342261482,-10.380225637330643,-25.345697634183438,-44.13283877366688,0.38460793398447984,33.0,43.0,10.0,0.8859679020703309,0.7465430236581657
BLR,-0.964615004678089,1.1963142169173828,0.8821484583041297,1.419444527380243,0.2686444230298394,0.4004193430396809,0.45699678516154174,14.905179810682496,17.011214303554752,-7.895181648299465,-21.240082251301683,-33.5250507628724,0.31416575861325324,35.0,40.0,5.0,0.913908157072709,0.7875991774869833
BLZ,0.09228135498519074,1.5289713862713705,1.4387677074195466,1.5634593330314608,0.068369512682035,0.1488632120890565,0.3989749240617365,21.77333233035787,58.355677612804236,1.5134544609015865,-6.625770657323493,-9.041391579049552,0.0902036788518237,44.0,44.0,0.0,1.000870715501775,0.9337422934267651
BOL,0.4713300091887258,1.8282307243888944,1.831056028081916,1.7632863961522065,0.1187218085255269,0.1890531247398476,0.4409462552605981,15.92404353402336,37.14113360779779,1.7733596635519433,0.2149537757654585,5.2854366603541925,-0.0028253036930214748,49.0,48.0,-1.0,1.0143470057363564,1.0021495377576546
BRA,-0.3428925155781055,0.8533703606751875,0.6424839384965553,0.8939124619782857,0.1583259426910879,0.3667476615526368,0.632455924638547,23.16409145077403,39.94644932400884,-2.486208700034953,-14.808939456479441,-17.393819007745815,0.2108864221786322,62.0,74.0,12.0,0.9611811891259148,0.8519106054352057
BRB,-0.48962117038442887,0.8976811955250935,0.6904721822759619,0.9575983226007261,0.2922469772831624,0.442316167114598,0.5309308838515203,15.13501255775287,18.167198469844003,-4.7704190060255725,-14.570511830507959,-18.37347100702057,0.2072090132491316,52.0,60.0,8.0,0.9481127105265744,0.8542948816949205
BRN,0.00591557048707871,1.916918706889111,1.8189959153735769,2.075260342311963,0.10232239860607849,0.3505020475900521,0.5737241605105993,34.2546746719081,56.070241543039536,-1.155905955256431,-7.171949314433956,-17.696863171857235,0.09792279151553396,39.0,42.0,3.0,0.977156079739762,0.9282805068556604
BTN,-0.17979304262801676,2.2686951864657736,2.105571621606634,2.279076481718837,0.0867591458106816,0.2507139009836638,0.5725483160657726,28.89769126251546,65.99284844449006,-0.4690439376404343,-11.659711081193159,-12.353954596782469,0.16312356485913942,27.0,27.0,0.0,0.9673506657573359,0.8834028891880684
BWA,0.5525452870264607,1.995976639844056,1.9998069516373274,2.1078138490138,0.0736769932654674,0.1708576431685345,0.3932994279956657,23.190094437338544,53.381579590057214,2.0592556209598545,0.29152781454007126,-7.8806569026613875,-0.0038303117932715625,47.0,46.0,-1.0,1.016689400598607,1.0029152781454007
CAF,1.6569295695794617,2.9064122343985086,3.016977944826323,2.46249929839972,0.0643423892767681,0.0714449051136884,0.2560980010924594,11.103862619457432,39.802376624662884,5.06003856093673,8.766145782396562,52.40995418168228,-0.11056571042781481,49.0,43.0,-6.0,1.05927368242081,1.0876614578239656
CAN,0.39389198103746725,2.095126263737105,2.104480632368855,2.059140511810591,0.3192167760887783,0.4384929009738786,0.5561834571839813,13.736524325147876,17.423378056712767,0.37934825646896986,0.7134651370346523,3.505906386391233,-0.009354368631750085,43.0,43.0,0.0,1.0039994565522097,1.0071346513703465
CHE,0.029768197180287233,1.5267489360385114,1.4646884283088686,1.5700302077814392,0.3181400160336224,0.5004904634460479,0.6030862672318331,15.73176709066218,18.95663031487672,-2.0602203182962353,-4.607095429824226,-7.6938810381867455,0.0620605077296426,48.0,50.0,2.0,0.9774449699795367,0.9539290457017576
CHL,-0.5083739915792673,0.7872254886241447,0.5412104243946361,0.8935295664249819,0.2053356272854188,0.3923764308793819,0.6207629395343764,19.10902828051239,30.231623597959896,-2.148178123929645,-17.05325816744836,-23.491056840535794,0.24601506422950864,57.0,67.0,10.0,0.9603940658809452,0.8294674183255163
CHN,-1.0616872011163907,1.3820118069585094,1.044324061823883,1.3373105592466614,0.1974850924964956,0.44043215930923996,0.5830385191531298,22.302045878073333,29.523166117638777,-7.3560562777100325,-22.635540180338797,-19.96208595678899,0.33768774513462646,32.0,37.0,5.0,0.9077874263680277,0.7736445981966119
CIV,1.5541106056774894,2.979169784325327,3.084612516976184,2.78848875935784,0.054905928534023,0.0652814680375738,0.1467710987689598,11.889693841917543,26.73137540657593,3.957880496392696,8.343492133237662,25.239041331524458,-0.10544273265085703,48.0,44.0,-4.0,1.0502841302842232,1.0834349213323766
CMR,1.468006372119141,2.8656142509875293,2.9669284349431257,2.7190423345439214,0.0567185454588865,0.0824324088582523,0.2332058784245974,14.533590061473802,41.11633620675993,4.0888749990527495,8.004075853281623,20.730842088311064,-0.10131418395559616,48.0,45.0,-3.0,1.0487633435670252,1.0800407585328164
COD,1.8046769792843989,3.1102239757546326,3.2372063486795355,2.4733287098403904,0.0587788156448667,0.0700918685126121,0.2217359815775827,11.924682003818733,37.723792006507956,5.2444731540012945,10.131685358074183,78.70156708801113,-0.12698237292490255,48.0,42.0,-6.0,1.0650993656181347,1.101316853580742
COL,-0.1530013255176657,1.0573511912838074,0.8978130403011678,1.1620465432815048,0.1471570085441169,0.3303889552932157,0.5818744489552156,22.451459061439593,39.5410626182152,-0.5083237194060009,-11.418663074449753,-18.193825493624193,0.15953815098263946,58.0,67.0,9.0,0.9778007142278462,0.8858133692555025
COM,1.0405130484901672,2.3846133882025056,2.459681794458016,2.2468329709655563,0.0575938558875978,0.0898511880012196,0.2083760432415395,15.60082870238387,36.18025569397776,3.0639432129440536,5.871085002290521,17.558407107077322,-0.07506840625551049,50.0,46.0,-4.0,1.0342815001213312,1.0587108500229052
CPV,-0.30292318799192336,0.9857652090611325,0.7945163575470489,0.9606476489656913,0.0765069166263425,0.1773167013660278,0.5144259126167877,23.176558301524203,67.23913801535468,0.5904293840160113,-13.527965694519894,-11.861415067871883,0.19124885151408366,53.0,58.0,5.0,0.9804519550063593,0.8647203430548009
CRI,-0.4030228225040147,0.8293543012189554,0.601342182318525,0.9805622335475278,0.17725093199404943,0.3841561499902629,0.6551179156042569,21.67301157001305,36.959913735531174,-1.8392960186533691,-15.910561569732284,-25.039377145486064,0.22801211890043038,59.0,70.0,11.0,0.962977120525216,0.840894384302677
CUB,-0.8912554101729028,0.44385182928449757,0.07899219698236354,0.6153261930973972,0.2613357335677491,0.5675874834581303,0.651138434523588,21.718709328779486,24.915782684375458,-9.88102822125575,-24.216782324406914,-33.47642813825373,0.36485963230213403,55.0,74.0,19.0,0.9026320441695163,0.7578321767559308
CUW,-0.5680130328803183,0.7204072369917869,0.5002101853764646,0.8483882479136454,0.3158087209246374,0.40488895900810185,0.5550792928950857,12.820702285315358,17.576439664804138,-3.3120921534930625,-15.409630303289902,-23.249887024490377,0.22019705161532235,52.0,66.0,14.0,0.9541245211400912,0.845903696967101
CYP,-0.08289166166248645,1.9237611082625443,1.8085319554289012,1.9920050032001173,0.23247359074738566,0.4230769688098615,0.6173091853587611,18.198926056490972,26.553948918419383,-1.1121661570973385,-8.384906909732749,-13.015436690964666,0.11522915283364299,39.0,41.0,2.0,0.97248388935121,0.9161509309026724
CZE,-0.35004899770982567,1.7186287011736066,1.5848561359447593,1.8140514886797607,0.33577449467351955,0.5403134463118631,0.5394881276575608,16.09155712786407,16.066977576188933,-6.386618765618135,-9.66698245314861,-15.986145656049821,0.13377256522884712,37.0,41.0,4.0,0.9432481083604569,0.9033301754685138
DEU,-0.2317119613286237,1.666633729210214,1.569356573030179,1.7522466164765185,0.3744510093567971,0.5439037009234078,0.6181947645230292,14.525363460968723,16.509363016137048,-5.114646101231946,-7.126389004584121,-12.976886744955884,0.097277156180035,38.0,42.0,4.0,0.9500109810054274,0.9287361099541589
DNK,-0.02538084191743623,1.8203965377788234,1.7806234773372551,1.8514904825887424,0.3357586808873112,0.4098737913664514,0.5320337625485607,12.207392234305777,15.845718750816879,-0.896822847451928,-2.977524286232125,-5.2434224129392355,0.03977306044156831,38.0,39.0,1.0,0.9845570331923105,0.9702247571376789
DOM,0.028176809956395425,1.4282192850763042,1.3327823383717916,1.4224066753250866,0.1319101962830892,0.2469274803634295,0.5600600911634828,18.71936266651477,42.45768006906393,0.7644657398126586,-6.9964088901033445,-6.584648946537641,0.09543694670451267,48.0,49.0,1.0,0.9943407151446887,0.9300359110989666
DZA,0.4214249244236407,2.195451242692623,2.1815328419110798,2.1374264905080236,0.1205729837040576,0.2692408664743041,0.515358129868359,22.330115603272034,42.742421563796455,1.3651290100372915,-1.0522234462772007,3.4088980541784553,0.013918400781543286,39.0,38.0,-1.0,1.0087424748828602,0.9894777655372279
ECU,0.06764157492827223,1.3218691540944987,1.2315627553146118,1.3527123690254133,0.1357268215199409,0.2571324402366439,0.5514370747520899,18.944850940819105,40.628452694670464,0.9112775806789042,-6.633059832329236,-8.79620759828299,0.09030639877988678,53.0,54.0,1.0,0.9966893187097523,0.9336694016767076
ESP,-0.4854896588131024,1.5144158449765508,1.3126301356968764,1.6492293963436488,0.3440208009043174,0.7117674960517493,0.6652276508330841,20.689664525538774,19.336843850267766,-8.521734187161567,-14.217669510444054,-22.571514090292975,0.20178570927967437,38.0,42.0,4.0,0.9261179977332624,0.8578233048955595
EST,-0.6574321989945865,1.475609633177224,1.2574084639535128,1.6607757922543405,0.34818949867948445,0.5152801913410692,0.5740300250242919,14.798843540522604,16.486138358603924,-7.083427254299545,-15.281220290897101,-26.40250303863163,0.21820116922371124,36.0,40.0,4.0,0.9275158171479736,0.8471877970910291
ETH,1.3459158241970108,2.694117669901596,2.7777162473601362,2.8142734203124546,0.063381632201072,0.0981838660278337,0.3679523357129015,15.490902114409902,58.05346485013337,4.035094466478872,6.55966945826616,-2.740104110093544,-0.08359857745854037,45.0,40.0,-5.0,1.0446021857447663,1.0655966945826616
FIN,-0.26258766392275285,1.7227824798062925,1.6358986373069786,1.7856818133985124,0.39231269974520966,0.44337630277755463,0.5628602709329971,11.3016046400106,14.347235541917222,-2.0610373868839904,-6.3898829588795785,-10.759500023093604,0.08688384249931382,35.0,36.0,1.0,0.9731569351483976,0.9361011704112042
FJI,-0.07192434407606443,2.134888963568652,2.0506907255720788,2.218661306086777,0.12227800550864439,0.21287240740712227,0.433837588572714,17.408887765353136,35.4796094987045,0.4060169060852159,-6.1986240284670036,-11.98453437310315,0.0841982379965734,31.0,31.0,0.0,0.9912562437409319,0.9380137597153299
FRA,0.03773267533673567,2.0212135958032142,1.9946251922839213,2.0489189183683534,0.3614619225015806,0.4716814210378596,0.5662551032420373,13.04926996939206,15.665691681246487,-1.2620825867196706,-2.0004389760168384,-4.042349437412773,0.02658840351929294,35.0,36.0,1.0,0.9882353737233348,0.9799956102398317
FSM,0.1636003652428086,2.5222731378531793,2.4894681756685935,2.5149979751227605,0.0994419369258944,0.1051216273993564,0.3576278457419269,10.571156460648448,35.963483495744505,1.276844335672389,-2.4623541535374494,-1.9215627731800522,0.032804962184585645,25.0,24.0,-1.0,1.0032765368464285,0.9753764584646255
GAB,1.3161203847549283,2.665290516369681,2.7487814538567124,2.435295442987915,0.0729644160053538,0.1416722225010626,0.3210569610159346,19.41661843639882,44.0018544097409,3.245265284687693,6.55095255418392,26.902560807945598,-0.08349093748703136,47.0,44.0,-3.0,1.0390726087740725,1.0655095255418394
GBR,0.09483748834326446,2.008684698088215,1.9828429174003226,2.019283891194063,0.3189406112810818,0.4363201168797653,0.5555368263028571,13.680293491857554,17.41819030419,0.11176220765589662,-1.9448149766600586,-2.731514577092431,0.02584178068789217,37.0,37.0,0.0,0.9968131591243967,0.9805518502333995
GEO,-0.3271796460549048,1.831869460685661,1.6960092196183059,1.9038334118608977,0.2604311637360675,0.3772790232189678,0.5075299912741243,14.48670803473117,19.488066788676555,-2.8930533421957505,-9.810194215001388,-14.610443859122778,0.13586024106735511,35.0,36.0,1.0,0.9620590919868701,0.9018980578499861
GHA,0.8868178031064031,2.311279212073994,2.3722183581868004,2.1919693810660874,0.0603709472836259,0.0995467795972155,0.227622904482689,16.48918628517447,37.70404718238138,2.8101399802850313,4.740298319058067,14.681578877477964,-0.06093914611280671,49.0,48.0,-1.0,1.0300893036564545,1.0474029831905807
GIN,1.0189324478265118,2.452720591446605,2.5247028426078466,2.468816956218439,0.0605718919811571,0.0776055272436583,0.2362745448137412,12.812135250422765,39.007291515220004,3.49069427945079,5.623057700150347,4.33881700498191,-0.07198225116124175,45.0,41.0,-4.0,1.0380880021165617,1.0562305770015037
GNB,0.9883156094660355,2.4307374784316145,2.501289957645237,2.2854020341351524,0.05672316655462719,0.0798032014401263,0.2066552840332216,14.068890417687086,36.43225450649029,3.3893753348659406,5.508347202640729,17.830247458637395,-0.07055247921362272,46.0,42.0,-4.0,1.0364796680720072,1.0550834720264073
GNQ,1.2791778211179798,2.6966032472401187,2.777921859052699,2.7824933979747333,0.0438154635053195,0.0554089016718542,0.2745703190704561,12.645969536560347,62.665163644137046,3.728420155860257,6.375185525832916,-0.3468340942680781,-0.08131861181257978,47.0,43.0,-4.0,1.0410536503945615,1.0637518552583294
GRC,-0.6193288999982038,1.356029161771115,1.121450626859668,1.4847719482244166,0.3516720629940078,0.6765442479009638,0.6646890948558538,19.23792985263352,18.90082166882786,-9.563996414631326,-16.32916253040535,-24.128131116726337,0.23457853491144695,38.0,44.0,6.0,0.9121859602052339,0.8367083746959466
GRD,-0.607111451629852,0.7022959951260295,0.4196001367811194,0.8963020626336045,0.1281664081843659,0.2620378391973842,0.6328396513928247,20.44512621594621,49.376405281054005,-2.2024847765292566,-19.333664375958502,-30.392193574255266,0.28269585834491007,51.0,68.0,17.0,0.9583142563116437,0.8066633562404151
GTM,0.45001775133341115,1.8199198569236508,1.7952604030646524,1.8010665467577545,0.0861421511978745,0.162527817395136,0.485648199925208,18.867397102934934,56.3775333181128,2.136543894927234,-1.856666088955572,-0.4402947686534264,0.02465945385899844,46.0,45.0,-1.0,1.0139576453600103,0.9814333391104443
GUY,0.08856415564351947,1.5651859588974224,1.5103148329907496,1.5618884121012346,0.1008287525951265,0.1706775761964724,0.3784552313420989,16.92747076638157,37.53445536133622,0.8804561119912346,-4.0844487067420605,-3.843769871474756,0.054871125906672674,44.0,44.0,0.0,0.9995898006195176,0.9591555129325794
HKG,-1.6723485727895657,0.45637856473802346,0.06542217764841186,0.5293376668469385,0.3262944420075326,0.629347549854154,0.6256806860856983,19.287718968857746,19.17533998544953,-9.73253322646478,-25.705023990470078,-29.712469032804368,0.3909563870896116,36.0,43.0,7.0,0.9020772689126775,0.7429497600952993
HND,0.5961209606219345,1.9844420559027176,1.9835397543143916,2.0623312885122336,0.0859098429721532,0.1961927405105937,0.5282059911281375,22.837050298670384,61.48375702413402,2.0252007254353277,-0.06855141348768301,-5.812392286075719,0.0009023015883260349,49.0,47.0,-2.0,1.0145304177920933,0.9993144858651232
HRV,-0.7804624964414061,1.2802975882408918,0.9964731437368448,1.4479043489993852,0.3565992159720564,0.5274804830089617,0.6159045102608546,14.791969790822415,17.271617061242157,-8.164007221675284,-19.40282428313025,-29.04240323348907,0.283824444504047,36.0,42.0,6.0,0.9150246149703545,0.8059717571686974
HTI,0.3319756969097304,1.621747320196834,1.6098517580510803,1.567160717273754,0.0853391512420225,0.1523851525486259,0.3515031147420166,17.85641763842488,41.18896305227492,1.6330582968329121,-0.89998836354096,3.297727513138926,0.011895562145753866,54.0,53.0,-1.0,1.0114181792649137,0.9910001163645904
HUN,-0.34211518103341015,1.7443842334186583,1.5963432546643852,1.8311378211570224,0.3334751665464108,0.48078756874434003,0.5495410818429457,14.417492424504937,16.47922055288829,-5.796783481881718,-10.64126109536968,-16.342898815657037,0.14804097875427308,35.0,40.0,5.0,0.94374134622034,0.8935873890463031
IDN,0.05465357471664174,2.4235869658793643,2.3648011631618706,2.4654048833633784,0.0983555982106281,0.2072809846772526,0.38830342073852875,21.07465039593997,39.479544408542836,0.5772422288910395,-4.369388199251556,-7.360894452459421,0.058785802717493604,29.0,29.0,0.0,0.9947433320662367,0.9563061180074842
IND,0.04835716565105248,2.5642363328268662,2.4825080038971024,2.617536436646751,0.1080623270808164,0.1982032162987743,0.4372149291046238,18.341564692618952,40.459514514956226,0.864916118269643,-6.022381204360006,-9.753160510004522,0.08172832892976399,27.0,26.0,-1.0,0.9917249304088671,0.9397761879564
IRL,0.007764839555348425,1.5329041735898459,1.4538030616603654,1.5725358300485417,0.2521776969736792,0.4509890988480102,0.543345317391537,17.88378212110811,21.546128936543035,-0.943177104297932,-5.834550052661913,-8.62853030149715,0.07910111192948044,46.0,47.0,1.0,0.9879470405245654,0.9416544994733808
IRN,-0.1769557795033828,1.4752415016067815,1.2884769729111325,1.6194939799676284,0.1063219305242338,0.3699749364616926,0.6217197310880221,34.79761274437777,58.47521090169769,-2.779387709298642,-13.232758862607918,-22.242324952464145,0.18676452869564908,46.0,50.0,4.0,0.9599663972159406,0.8676724113739207
IRQ,1.029059768183427,3.2184788300681375,3.284333397159273,3.163857675554191,0.0582861543150712,0.10017643054083131,0.2254503901848966,17.18700293715011,38.67992198733916,3.0609261635728746,5.132310508359583,9.58842245592395,-0.06585456709113577,30.0,29.0,-1.0,1.0358134766178908,1.0513231050835958
ISL,-0.10732379279570121,1.7085922754295428,1.6215852963961208,1.7670919808701475,0.2737993368274681,0.4151146795913879,0.6173373670304197,15.161274106845928,22.547073129670462,-0.25492034706189326,-6.398642936258458,-10.468984621819866,0.08700697903342193,39.0,40.0,1.0,0.9847458003286508,0.9360135706374155
ISR,0.9785205476426955,2.811458705280471,2.847894716711391,2.750997009852909,0.2166439051575951,0.2836782092367284,0.48169437252582054,13.094216014541002,22.23438375408796,1.8097115008021136,2.807833828556805,7.642165452456329,-0.03643601143091986,36.0,34.0,-2.0,1.0212048290508742,1.028078338285568
ITA,-0.680625127396496,1.3138741242904266,1.0918039902086372,1.4438794523125853,0.4102392616698188,0.6621352470008054,0.6369292646917174,16.140221301727216,15.525799800321163,-8.39176158843844,-15.529962634980677,-23.476886321244507,0.22207013408178933,38.0,43.0,5.0,0.9191527858776232,0.8447003736501933
JAM,-1.287992599919606,-0.19217680270174883,-0.7068975059965072,0.21099211148429883,0.1733028157953837,0.3525612491961367,0.8140580812793385,20.343653828014023,46.97315952676072,-6.146812152150149,-32.37468119353236,-50.2219523451003,0.5147207032947585,66.0,,,0.9254527936351933,0.6762531880646764
JOR,0.8063795021140929,2.644809857465029,2.6871569207073898,2.427217741254269,0.0681322429699555,0.1685086686242084,0.41976811585188306,24.73258787304511,61.61078772013856,2.3188439581802944,3.2707266483802844,21.841858535407034,-0.042347063242360525,35.0,34.0,-1.0,1.0240665970198193,1.0327072664838028
JPN,-0.6269535511114123,1.572690411507498,1.416744664508629,1.6525155078557254,0.4969709933635027,0.7121257071675149,0.6933404106544222,14.32932136235646,13.951325528314843,-7.701701170335262,-11.176485464736551,-16.404946887507922,0.15594574699886904,33.0,37.0,4.0,0.9328537820810016,0.8882351453526345
KAZ,0.6470284567833515,2.78945145771101,2.8197265035652537,2.7839296410039283,0.1330305986653074,0.2041164914320679,0.3788370104934241,15.343574597120021,28.4774340861641,1.6224780163269115,2.327578464788349,2.7579067274711155,-0.030275045854243413,32.0,31.0,-1.0,1.0175262627329376,1.0232757846478835
KEN,0.8068629483618129,2.1325119366259893,2.1808475202976116,2.0630461215555904,0.0524300054975929,0.110282371045603,0.3124538675741856,21.03420932325978,59.59447545519151,2.9122964958730346,3.7418113841916067,9.36591179134647,-0.04833558367162219,49.0,45.0,-4.0,1.0290465701094087,1.037418113841916
KHM,0.3341765650492869,2.7303862665263225,2.7053986071808542,2.720401593017475,0.0826306524424995,0.1844937609765691,0.449271229487752,22.32752078351959,54.37101320244181,1.325248642044352,-1.8811435333427218,-1.1337509732762485,0.024987659345468427,27.0,26.0,-1.0,1.0075277594058687,0.9811885646665727
KIR,0.6630007311328459,3.049884509472875,3.0897725052516467,2.885142266339438,0.0772839630731978,0.1220369979601885,0.2416408024829616,15.790727223007941,31.26661636827512,2.1203214252984104,3.0779051260135804,16.826411134762886,-0.03988799577877185,29.0,28.0,-1.0,1.022937179440506,1.0307790512601358
KOR,-1.1337531152025313,1.0953800886240757,0.7920334941141421,1.0052010859357439,0.2792504795882848,0.6632470682901302,0.7035035341443424,23.750973293510324,25.19256314909677,-9.662709503321153,-20.589803916343673,-14.956506300500894,0.3033465945099336,36.0,43.0,7.0,0.9009407924664211,0.7941019608365633
KWT,0.8759474985853961,2.457097523713566,2.492173844365483,2.1364186288887264,0.0587160933259967,0.233192520540213,0.3809492292152873,39.71526498629745,64.87986642779946,0.8803093564101028,2.70165068459145,31.045442157772918,-0.03507632065191703,43.0,42.0,-1.0,1.01333745118462,1.0270165068459143
LAO,0.23033572977313282,2.643697072943288,2.5774854038002397,2.6360123777326745,0.0717879872732977,0.1533131162837616,0.4695034176282611,21.356374806845718,65.40139032465922,1.6423556195243494,-4.907574614177346,-4.350574863076895,0.06621166914304831,26.0,25.0,-1.0,1.0018050212169451,0.9509242538582265
LBN,0.28179774583694644,1.9997160683542423,1.92405347763968,1.9991765343862293,0.1559540900482619,0.370606302300679,0.6880808667088352,23.763807809464332,44.12073235757396,0.5640605729005932,-5.588147912484032,-5.549426789409296,0.07566259071456229,46.0,47.0,1.0,0.9851105171519322,0.9441185208751597
LBR,1.0708167614988493,2.274657061764626,2.348159084490534,1.974004062558955,0.0569685678449868,0.0869730628991513,0.2420431763896413,15.266850859900083,42.48714432285679,3.337398577381956,5.74512560134921,32.89083512493545,-0.07350202272590825,58.0,50.0,-8.0,1.0366473749664937,1.057451256013492
LBY,0.3707789431548931,2.0771202961722888,2.058315633799176,2.0453232589010653,0.073350643280766,0.2545539634120452,0.4609135016576175,34.703712472934015,62.837008789870865,1.0730727148545505,-1.4189904067571812,0.9923115736569788,0.01880466237311265,42.0,41.0,-1.0,1.0055407081027428,0.9858100959324281
LKA,-0.11007630603424015,2.2759762526208824,2.1604392420054936,2.366034298157925,0.1974348921053021,0.3856465021115828,0.6365425863653501,19.532844372103078,32.2406328272436,-1.0340587174604954,-8.406339760985604,-14.465659095273365,0.11553701061538871,29.0,30.0,1.0,0.9762770735916264,0.915936602390144
LSO,0.4374514488417071,1.81934737072755,1.8278519714153538,1.8475621791035097,0.0736992399675378,0.0839423654266233,0.30839441946528756,11.389854965071182,41.844993191398665,2.156325482645549,0.6484429993215635,-1.486811940456767,-0.008504600687803815,45.0,44.0,-1.0,1.018116759953022,1.0064844299932156
LTU,-1.1328758806588863,1.0932771538008734,0.7559228071362218,1.2802385504266867,0.3305669829746076,0.4373416028384771,0.5060969053097916,13.230044903548984,15.309965343655247,-8.238160844885146,-22.61593487029311,-32.866026918466254,0.3373543466646515,33.0,40.0,7.0,0.9048736634038724,0.773840651297069
LUX,0.1389352484992447,1.6688837040962332,1.621464618824095,1.7019321485708085,0.2369295626207623,0.38173862877395254,0.5046180808287812,16.111903662481186,21.298232067244832,0.3599581880527669,-3.5396849089945226,-5.9322879994645366,0.04741908527213824,47.0,47.0,0.0,0.9968412509872426,0.964603150910055
LVA,-0.9269723766114691,1.2082729932008853,0.901741949085426,1.4109952689889471,0.3480757202909688,0.4800308216307214,0.5129428476580896,13.790988386936231,14.736530523568339,-8.479858782293304,-20.781758643361393,-32.093099087991625,0.3065310441154592,37.0,41.0,4.0,0.91307988218315,0.792182413566386
MAC,-1.0223542568706878,0.877849196470366,0.6272170760571386,1.03392594147077,0.2176815936682991,0.481473926193848,0.5715535689813301,22.118265402242184,26.25640318732035,-5.581058728034394,-17.343805133240643,-26.589171772619956,0.2506321204132274,41.0,45.0,4.0,0.9312665587109755,0.8265619486675937
MAR,-0.00681761453671487,1.8405243140199499,1.7333056505863,1.886913456648228,0.1379106605929784,0.2849928531104981,0.5844388128757045,20.665034297211413,42.37807362844731,0.5276025542978457,-7.825455559219563,-11.018520427980327,0.10721866343364993,37.0,38.0,1.0,0.9886323773819771,0.9217454444078043
MDA,-0.9380962572578273,1.015868713649102,0.6472895802633205,1.3291170622691797,0.2047964277218941,0.3726245567126506,0.5432318908041974,18.19487580216296,26.52545734547119,-10.0359716802643,-24.430705398655682,-40.44017320929137,0.36857913338578147,42.0,50.0,8.0,0.8937184453068142,0.7556929460134432
MDG,1.2921270421463718,2.4777257785867772,2.5627603192825936,2.091710644926667,0.0579291325767488,0.0897088378228053,0.24535967833618938,15.48596256019411,42.355144539946075,3.6556774212757492,6.676024921559498,43.04624055270552,-0.08503454069581674,56.0,53.0,-3.0,1.0411817664488443,1.0667602492155948
MDV,-0.13890956083259912,2.1207363078147408,1.9590987657042214,2.2056829185544626,0.0723493944977154,0.280814027569385,0.628282547748708,38.8135974763759,86.84005610697231,-1.188318475135186,-11.559885205260867,-17.089125486096567,0.16163754211051956,34.0,38.0,4.0,0.9595833053995803,0.8844011479473913
MEX,-0.006169737796760202,1.2197288781535465,1.0980650093362803,1.257417891956583,0.1262777205422721,0.2921926688434193,0.6187167248230871,23.138893194196232,48.996507235492,0.37711088430920636,-8.831846165587931,-11.406189593701054,0.12166386881726637,57.0,61.0,4.0,0.9870096658605193,0.9116815383441207
MKD,-0.9839901273051512,1.0265855917222138,0.66461332611985,1.3034892097569177,0.2376537631436256,0.419973983639514,0.5642023975529386,17.671674038912798,23.74052024633685,-8.374004695122627,-24.050301134430452,-38.46386800405844,0.3619722656023638,38.0,44.0,6.0,0.9058896636873636,0.7594969886556956
MLI,1.5475268394181416,3.1470257410351756,3.2667977583849024,3.0316560354896493,0.04703506789738951,0.0599337550920252,0.18337873926029427,12.742355389552138,38.98766334521906,4.8303573555413815,9.529828567965337,19.567120963274554,-0.11977201734972714,41.0,36.0,-5.0,1.0595924749011933,1.0952982856796534
MLT,-0.5327973317134469,1.4951103534497754,1.3170824520544637,1.5181195032024273,0.3608096098371164,0.5094596106743365,0.6349494034133817,14.119901376915282,17.597907209290316,-2.680489495159244,-12.654721633621458,-14.168847176439636,0.17802790139531155,38.0,41.0,3.0,0.9571772711028325,0.8734527836637853
MMR,-0.12240145349339891,2.413209089223482,2.319101388246604,2.442609550675355,0.106725707047372,0.192462659421828,0.3416555744472418,18.03339277353302,32.01249107636197,0.3381896102085946,-6.902406700469954,-8.959543691425864,0.0941077009768778,27.0,27.0,0.0,0.9852088328385504,0.9309759329953005
MNE,-0.8844018325903168,1.1390650432341785,0.8101331225186206,1.360732531049578,0.2734221892885348,0.42597732071102634,0.6122621406096526,15.579471505931963,22.392554978906613,-7.568161749134461,-22.119007355421914,-34.19376205033204,0.3289319207155578,36.0,43.0,7.0,0.9141382613825376,0.778809926445781
MNG,0.6085649094744447,2.9633107624975437,2.985194639177453,2.9245005902892234,0.0799161796127629,0.1955479944681231,0.37177843904376795,24.46913696521266,46.52104753320736,1.512559961840787,1.6770823732672024,4.720789753204024,-0.021883876679909195,29.0,28.0,-1.0,1.0154092820950082,1.0167708237326718
MOZ,1.451244821671221,2.9973668452811375,3.099352588394197,3.1220120172328407,0.059781186459135,0.0704496293670602,0.2162108217927786,11.784581996414188,36.167034245895266,4.460182884672692,8.059213578716328,-1.7073729196857568,-0.1019857431130592,42.0,38.0,-4.0,1.053118924673909,1.0805921357871635
MRT,1.5755293141426325,2.8665067176496333,2.970035252047131,2.5588783664372694,0.05931223034764009,0.09118705471989769,0.1804861873627408,15.374072798381262,30.429843272606256,4.123606975515481,8.185989625818069,36.68095564317917,-0.10352853439749739,54.0,47.0,-7.0,1.050491343462327,1.0818598962581807
MUS,-1.0285656215698573,0.2765922852519861,-0.1235047660262744,0.3518352173373065,0.2077776844933255,0.3830630621145641,0.5690773126113509,18.436198432410066,27.38875996231595,-7.313880568343567,-26.219355540093748,-30.320106882939445,0.4000970512782605,58.0,75.0,17.0,0.9180083736950718,0.7378064445990625
MWI,1.3219463211397486,2.7701865924135647,2.859334572452496,2.6874229727435983,0.050840047615766396,0.0775664512312117,0.2613005851631152,15.256958808818458,51.39660512081844,4.097391164169584,7.010038820963138,13.957207118173143,-0.08914798003893144,43.0,40.0,-3.0,1.0463568635466063,1.0701003882096314
MYS,0.2810883812733879,2.533054517254127,2.4775739513772708,2.534003091381375,0.11636611864327862,0.2439722182928005,0.5313204889203864,20.965915262732064,45.65938050655055,1.0525172235395397,-4.128864045671943,-4.197954206695053,0.0554805658768559,31.0,29.0,-2.0,0.9948513236405104,0.9587113595432806
NAM,0.8763131088077558,2.154115338840475,2.207716260514502,2.047509516462831,0.0647813936665903,0.10714026082531489,0.3224112097890029,16.53873971540849,49.76910676672892,2.995442529745085,4.157782248899955,12.947974661259455,-0.053600921674027205,49.0,46.0,-3.0,1.0301707076112783,1.0415778224889993
NER,1.5945196596216238,3.0981692407284696,3.2202614579941495,2.703245888467353,0.05505953389361929,0.048647302929618,0.1312038805536098,8.835400427400932,23.829457184855443,4.877555885052298,9.72313858994478,48.13174086872536,-0.12209221726567979,46.0,41.0,-5.0,1.0613747816165668,1.0972313858994478
NGA,0.9438496242408609,2.4509268431461533,2.5237416194424998,2.3358529755940984,0.0512402775394268,0.0669326318363829,0.1726175317033984,13.062503766667078,33.68786040836292,3.297771515678982,5.689908573122615,15.349373731150727,-0.07281477629634617,42.0,41.0,-1.0,1.0371329418988424,1.0568990857312262
NIC,0.28850853672521953,1.4107157710533307,1.3342883651862092,1.4255746828812468,0.1086838299984411,0.2605199970566935,0.6483600296884786,23.970446851240908,59.65561111508293,1.3038421440534353,-5.643009753899575,-6.702567889804967,0.07642740586712143,65.0,66.0,1.0,0.9989391091026337,0.9435699024610043
NLD,-0.053117355921788394,1.8214669748080348,1.755035737772308,1.8624890270994323,0.3456931869645581,0.4815819190404024,0.5891260460931977,13.930905704825944,17.041876100196255,-1.232859928793817,-4.923441515296146,-7.841890260375772,0.06643123703572659,38.0,39.0,1.0,0.9812352062762371,0.9507655848470385
NOR,-0.039042631556491236,1.5022594492630603,1.4305625899681693,1.5667496673627017,0.2894045676683328,0.3914143677578419,0.5371862105814081,13.524816519358316,18.561773744947985,-0.310210949683265,-5.303165509377661,-9.832594184561616,0.07169685929489106,45.0,47.0,2.0,0.9869692383949034,0.9469683449062233
NPL,0.0933639313539128,2.4596933186292347,2.342854472206909,2.52916942564048,0.0982471905170057,0.17975050392263212,0.6071053405671573,18.29573985543321,61.7936591746176,1.1549206287217118,-8.496917274124305,-13.2031074093513,0.11683884642232564,26.0,25.0,-1.0,0.9865900979366566,0.9150308272587568
NZL,0.14294550294342073,2.146282085969966,2.1189111402695295,2.1614212118213465,0.2834885219085925,0.3949405555633536,0.5826010987820057,13.9314478379727,20.551135363775277,0.2332344507366857,-2.058705128503513,-3.1791337381774865,0.027370945700436536,34.0,34.0,0.0,0.9963786667214762,0.9794129487149648
OMN,1.0902295660077421,2.7463201177448124,2.7814042167047766,2.6592996612495137,0.0407918567151998,0.1926199263520755,0.5941122388375253,47.22019095549083,145.64481410725983,2.0309491851141726,2.702257808643682,9.724167471281774,-0.03508409895996399,43.0,41.0,-2.0,1.019046377181605,1.0270225780864368
PAK,0.9340079848749075,3.5354098431811343,3.590473635430892,3.445446085412715,0.0782153769877353,0.1269001745349823,0.3049627941113444,16.224453479893235,38.99013286852337,2.7130980551912653,4.273647355026777,11.652472596540896,-0.0550637922497578,25.0,23.0,-2.0,1.0307364164347692,1.0427364735502678
PAN,0.35296593714432906,1.641687807997481,1.620759416471922,1.6479114289723995,0.1472136913328919,0.2847417330969943,0.5340975154908667,19.342068697476822,36.28042410016884,1.0927770268520431,-1.5779751854138935,-2.042407395825796,0.020928391525559115,53.0,53.0,0.0,1.0068963972116967,0.9842202481458611
PER,0.1435887360563034,1.3599320647744264,1.285068802807011,1.4069870072112929,0.1297779118871695,0.2657477619202221,0.5625562938352813,20.47711802847209,43.34761483328338,0.8933812490333981,-5.53077624623789,-8.849466815042117,0.07486326196741548,57.0,60.0,3.0,0.997699459672883,0.9446922375376211
PHL,-0.018550635931784173,2.338165696092109,2.2631528086676624,2.3999766527752735,0.0901219886360699,0.1480751442020366,0.3446663069351058,16.430523387582223,38.24441872082242,1.081399871444022,-5.541518236054211,-9.876219485634397,0.07501288742444642,28.0,28.0,0.0,0.9977197303758577,0.9445848176394578
PNG,0.7456632690761783,3.1811422902340647,3.227655709959735,3.042877071600379,0.0708122869367464,0.11137558146959979,0.2315963564828745,15.728284777624376,32.70567390229179,2.3393967357208556,3.5982445288501586,15.077055423322383,-0.0465134197256703,28.0,27.0,-1.0,1.0256758914738409,1.0359824452885016
POL,-0.9079289038166982,1.1810731028684927,0.8662955572570737,1.3390364208450245,0.3246515823549104,0.5633082485384734,0.6457787349989338,17.351162882140603,19.891439626281137,-8.491804473963482,-21.276693802401137,-30.182329995253543,0.31477754561141885,38.0,45.0,7.0,0.9105804327791543,0.7872330619759886
PRI,-1.5534709786481342,-0.21799190807079255,-0.7965002122538928,-0.25421026919995393,0.2633933433407526,0.4704062973154383,0.7392699853065761,17.85946035495941,28.06714763289142,-10.734410276755534,-35.57486353027808,-33.77686790879068,0.5785083041831002,57.0,,,0.8982857099543804,0.6442513646972192
PRT,-0.2299020041483439,1.8081622035335938,1.678663843406029,1.8885948725447101,0.3818860484779059,0.6747122899611327,0.6893595072541413,17.667895767607977,18.05144518899659,-7.157320365481823,-9.373067934490143,-14.747059874660751,0.1294983601275647,38.0,42.0,4.0,0.9370692359226068,0.9062693206550987
PRY,0.3510591310065138,1.7670065573216727,1.7488335138994922,1.7732980843193753,0.1177860306277679,0.1943972557436354,0.4563884120423842,16.504270897622604,38.74724444061461,1.5253460815818798,-1.3716571652341525,-1.8421288644842049,0.018173043422180582,50.0,49.0,-1.0,1.0091014453542284,0.9862834283476585
PSE,0.9695757730687857,3.0147572523992894,3.069616565886388,2.7702433891634906,0.0564821220144459,0.1094916201331623,0.3342397383934893,19.385181758071813,59.1762006229164,3.14634701258103,4.257444086828888,25.548708686459776,-0.05485931348709859,31.0,30.0,-1.0,1.0340356009968614,1.0425744408682889
PYF,-0.5405877782000326,1.4796082562162531,1.247363414069879,1.7870256275652352,0.1519335922022347,0.3347384434193738,0.5971668009465143,22.0318916026031,39.304461395978954,-2.257440915833697,-16.18063171040892,-33.64448323570478,0.23224484214637403,36.0,38.0,2.0,0.9543387698474138,0.8381936828959109
QAT,1.1440028316485913,2.69646904792712,2.733205686940655,2.60592716094644,0.0307094082474383,0.166446045132331,0.4651326270811008,54.200342706445824,151.4625821941395,1.1492653363573524,2.831325733758172,10.15647618373563,-0.0367366390135352,48.0,47.0,-1.0,1.013969443345036,1.0283132573375815
ROU,-0.7482063368488547,1.3945610114526164,1.1241744396987876,1.6116272231177307,0.3197763388362177,0.48223434496389944,0.5512922095143651,15.080363566576734,17.23993124446661,-7.876790040962478,-18.57548526770586,-30.958617542004408,0.27038657175382874,35.0,40.0,5.0,0.9166586916435749,0.8142451473229414
RUS,-0.17914437095892188,1.891978629119875,1.8024944697211178,1.9420604025175494,0.2669614271928521,0.3653632960611638,0.4068000627513669,13.685995759875322,15.238158824252007,-3.5919953143473293,-6.574696417446102,-10.063840740912811,0.08948415939875713,36.0,38.0,2.0,0.9638075494692798,0.934253035825539
RWA,1.095501288502755,2.489330390592435,2.5615575223220692,2.433986571887001,0.0616655170678595,0.1153051638465928,0.3552588776995773,18.69848325762125,57.6106217205046,3.4229977410636714,5.642716955625882,10.180960363273805,-0.0722271317296342,46.0,43.0,-3.0,1.0371206543980511,1.0564271695562588
SAU,0.9704073106065669,2.6378878646060264,2.6730882505450944,2.5043801771917633,0.0637730473207087,0.2507789786531556,0.5024104781171027,39.323662454455345,78.78100533451496,1.5216836149545054,2.711334840577062,13.680095257943247,-0.03520038593906767,42.0,41.0,-1.0,1.0178666126548124,1.0271133484057706
SDN,1.3134486939291,2.62690708656522,2.715051583818136,2.3044163443583994,0.066933791560758,0.0881792872672944,0.20529872745588218,13.174106114585063,30.671910655102486,3.737072219390569,6.928459056960357,36.62677907139571,-0.08814449725291565,52.0,50.0,-2.0,1.043107690558184,1.0692845905696033
SEN,1.2270676531295648,2.6129514379486896,2.697443995522114,2.363800660211522,0.0560098438732854,0.0883326809751983,0.2367302681652739,15.770920764399715,42.26583253844516,3.691664808496542,6.632093350191015,28.86162069705607,-0.08449255757342414,47.0,44.0,-3.0,1.042147669467169,1.06632093350191
SGP,-0.44366776287386317,0.9760978796828005,0.716499266036906,0.9458340335589042,0.2690134849111699,0.6058819687928908,0.8117128536144567,22.52236422248339,30.173686418823575,-4.8163749880113516,-17.905153816888287,-15.995046892417387,0.25959861364589454,53.0,63.0,10.0,0.9439442215670211,0.8209484618311172
SLB,1.07129927131015,3.392898831714972,3.454579019818614,3.095485836550589,0.0649400445349432,0.1305931875804679,0.3346413683095854,20.109808749853535,51.53081903562913,3.1247448983180215,4.799303822191714,31.378307548445928,-0.06168018810364176,29.0,28.0,-1.0,1.035444347713997,1.0479930382219171
SLE,0.8050456235381284,2.1646889380541667,2.2225158935737297,2.071438029246739,0.044478284969218,0.0701865619504654,0.2049679902856951,15.779961389932026,46.08270989485025,3.239844537032033,4.4928525257544205,12.167059526610347,-0.057826955519563183,45.0,43.0,-2.0,1.0330437820760965,1.0449285252575442
SLV,-0.292917107889958,0.9167708482203026,0.7230297628910409,1.055044436594986,0.1467802616342607,0.2539541025760518,0.6544703954346399,17.301652126008687,44.58844725767111,0.2409474815677104,-13.691597159860592,-22.301260547994296,0.19374108532926168,56.0,65.0,9.0,0.9782170409032986,0.863084028401394
SOM,1.6647244895644713,3.1852979361728666,3.305215558230424,2.9634073132031205,0.0541577169931141,0.0561876227455451,0.1463822689098432,10.37481375972497,27.028884716180894,4.882934385248228,9.541949763218515,29.66373587764157,-0.11991762205755749,44.0,41.0,-3.0,1.0614851497416196,1.0954194976321852
STP,1.077050378722811,2.442436282920252,2.5171019303677635,2.3412478804092864,0.0520897947127455,0.0953096098695039,0.22101187522656512,18.297175175117985,42.429016364022495,3.1861249672984204,5.838683172472203,14.29916483075564,-0.07466564744751138,48.0,45.0,-3.0,1.036280431839932,1.058386831724722
SUR,0.1462290059175028,1.3583077942755095,1.308944197386582,1.366228480071599,0.1220402599810576,0.2296274724397243,0.4465754562005918,18.815714787510764,36.59247008076735,0.7511299704006325,-3.6821314617310974,-4.2601965364867596,0.04936359688892736,59.0,60.0,1.0,1.0004219411952289,0.9631786853826889
SVK,-0.6239844192620448,1.4609800826327952,1.2367927307957234,1.6138804606762374,0.2815259671773853,0.4961060917526691,0.5590083595116666,17.622036671312813,19.85636938277327,-6.907527534024915,-15.665772852355397,-24.917800156763636,0.2241873518370718,38.0,43.0,5.0,0.9272207469603995,0.8433422714764459
SVN,-0.3433895074012327,1.6942796184664963,1.5571484879339172,1.79412977919339,0.3667978769017873,0.6111782103095338,0.5886802228269183,16.662534022059813,16.049172034453775,-6.374106750596464,-9.897264327039323,-16.481813993227433,0.13713113053257908,37.0,41.0,4.0,0.9444465170706264,0.9010273567296068
SWE,0.09104105937492638,1.9538853762902364,1.932153970400708,1.964166163825645,0.3419822369689897,0.4134853366956197,0.5356881934340778,12.090842505750198,15.664211047389957,0.11896655242391585,-1.6380229279936098,-2.403569599470945,0.02173140588952842,38.0,38.0,0.0,0.9961179350102297,0.983619770720064
SWZ,0.09992206409777676,1.6684380934747791,1.60804652889224,1.6827945723992737,0.05469259346313741,0.0840130327963924,0.3287713616479116,15.360952457487109,60.11259310083772,1.8556674593442235,-4.486022607749673,-5.522503589170391,0.06039156458253897,41.0,39.0,-2.0,1.0075725261647699,0.9551397739225032
SYC,-0.15457039745705495,1.1509244529490983,1.0208360811897064,1.178932576146115,0.1697868396663577,0.3899234066474598,0.5054775837036385,22.96546701815553,29.7713052847285,-2.5340992932804673,-9.413696742148458,-11.321554983683313,0.13008837175939192,53.0,62.0,9.0,0.9749193227136856,0.9058630325785155
TCD,1.6202887486692468,3.0692843556727922,3.184721100675626,2.9333921176178954,0.0487944378606706,0.05663768899079551,0.1745687482587862,11.60740680167703,35.776362206949926,4.9992790006831545,9.169542785869433,21.047158956902322,-0.11543674500283409,46.0,40.0,-6.0,1.0605470185999655,1.0916954278586943
TGO,1.3377675060408412,2.7535192160406763,2.8459894283844913,2.61296033217492,0.0522644605540759,0.0821330749147893,0.1759994864438683,15.71489957880835,33.67479250297989,3.518182563589578,7.280569486230948,19.375298474458134,-0.09247021234381515,48.0,43.0,-5.0,1.0429861968412857,1.0728056948623095
THA,-0.5962140571206362,1.71107275154121,1.461785658281722,1.7410938966786516,0.2207217302577943,0.49976569018196104,0.6176943459962648,22.642341993162816,27.985207676417822,-7.067266546614103,-17.259269065189585,-19.125713962532565,0.2492870932594881,33.0,37.0,4.0,0.917101478781196,0.8274073093481042
TJK,0.8496885216845163,2.993472666879297,3.0407906978911123,2.914664272790867,0.0740559463189944,0.1398587387040439,0.346744877101977,18.885551485846307,46.82201691250841,2.6183076267150884,3.66161470319859,10.060065753458748,-0.0473180310118157,31.0,30.0,-1.0,1.0286945632806581,1.036616147031986
TKM,0.37244925241086124,2.596891358069017,2.5872186854877417,2.600030396383385,0.0887346192423043,0.1593048089298704,0.3167470622705516,17.952948949368082,35.69599610334973,1.6747017310883017,-0.7324276951291453,-0.9689650148114626,0.009672672581275202,30.0,29.0,-1.0,1.0122601500076347,0.9926757230487085
TLS,0.4507748147073438,3.137789362669172,3.144277275192433,3.0773690331068897,0.0698503707496725,0.0754983605663872,0.2791727518976651,10.808584085681632,39.967254132144184,2.6493036282822624,0.4942989983719892,5.2165334443095235,-0.006487912523260586,23.0,22.0,-1.0,1.0234224168661474,1.00494298998372
TON,0.162524511601235,2.5335794728939254,2.531228370750672,2.5262083268387614,0.1082545719719175,0.1583621960838105,0.3555707163474154,14.628684331678066,32.84579208716049,-0.16638170272121888,-0.17852421849243738,0.3822520640492266,0.0023511021432533197,27.0,27.0,0.0,0.9999211122407123,0.9982147578150757
TTO,-0.6813548192907926,0.7009175753936766,0.43728938762452385,0.7377056327810579,0.1804931349352698,0.3326804312346726,0.4354795958761467,18.431749847659397,24.127211045025213,-4.702516292376469,-18.156182759148464,-20.412755131171988,0.2636281877691527,52.0,65.0,13.0,0.9478808402491684,0.8184381724085154
TUN,-0.18679834507469062,1.7216584272009543,1.5859946045238966,1.7383969319514625,0.1530404469976173,0.316964695728827,0.5283146522016798,20.711171585493467,34.52124340762709,-0.9095003473009289,-9.796729858340559,-10.936961465919005,0.13566382267705784,37.0,38.0,1.0,0.9760367767561683,0.9020327014165945
TZA,1.7681760962026907,3.1492414393374357,3.270789279839724,2.826176483674532,0.0589699628584465,0.08100125017266,0.2110657725929735,13.73601851625685,35.79208165682976,4.527837229044174,9.677752626714797,40.20083229600579,-0.12154784050228823,49.0,42.0,-7.0,1.058643680309814,1.0967775262671478
UGA,1.1606615364390325,2.7650844617459325,2.8532130955544606,2.8496150373112927,0.0413028968409789,0.0621150161815664,0.2115533294670669,15.03890064193721,51.21997381480833,4.141596503380529,6.927169911947106,0.2738266486572716,-0.08812863380852805,40.0,36.0,-4.0,1.0469554076920289,1.0692716991194708
UKR,-1.2010216119313009,0.9630142057265706,0.5693465243268079,1.192550825724951,0.2839886338750189,0.4297743412989706,0.4728597227990831,15.133505008095177,16.65065662477129,-7.648961239748742,-25.857957385081733,-37.72656583678526,0.3936676813997626,37.0,42.0,5.0,0.9170180814389277,0.7414204261491827
URY,-0.5404241861586746,0.8123263082118706,0.5835876299993182,0.9714853588013251,0.2459169748195104,0.3501929591895846,0.5749824318826479,14.240292255002206,23.381160747632553,-2.3339991331693177,-15.956981685357652,-25.532118464425622,0.2287386782125524,54.0,60.0,6.0,0.9604593275175821,0.8404301831464235
USA,0.26120390472455907,1.8019988884073235,1.8060605921561506,1.7978360573313874,0.2883487511301135,0.3643304411569755,0.4971785677892308,12.635062219935758,17.242265341558067,0.23921973581768619,0.30916642152609697,0.6270222523862445,-0.004061703748826917,47.0,47.0,0.0,1.0014971895655815,1.003091664215261
UZB,0.9411359796586707,2.964769946366706,3.0085083219549413,2.8818192977101633,0.0904131150030402,0.196316365175855,0.4319764296076248,21.713261971922297,47.77807175353922,2.167655603909391,3.3799825977625098,10.107134786639316,-0.04373837558823562,34.0,32.0,-2.0,1.0233837646621342,1.033799825977625
VEN,-0.005802509061181762,1.1169661464463294,1.0281160698351643,1.1718296149302987,0.124075676132001,0.2478061979501791,0.5199373134372997,19.972181951806924,41.90485433133174,0.4168532508692424,-6.529663641139727,-10.346889838316308,0.0888500766111652,64.0,68.0,4.0,0.9922094875472065,0.9347033635886026
VNM,-0.12686908884816317,2.2470158587052294,2.1246632385761433,2.266018552491942,0.1420562865155256,0.3493399275967356,0.5478194334419729,24.591655615223733,38.56354737121055,-1.1725402691733389,-8.87955573870447,-10.186064463891775,0.1223526201290858,31.0,33.0,2.0,0.9700983430198777,0.9112044426129553
VUT,1.292681139514749,3.5659357620098877,3.6363137286486436,3.2298037561224713,0.0830598398586565,0.1508795111074407,0.3559300061638407,18.165157958911717,42.852238430693966,3.107277237786854,5.4943546052386605,36.19909718666021,-0.07037796663875578,30.0,28.0,-2.0,1.038261814443691,1.0549435460523866
WSM,0.7432974024187753,3.0237571344290206,3.0639810324542855,2.885588295018515,0.1177938484522627,0.1899881053525913,0.4250807949062265,16.128864779351034,36.08684158735975,1.4192046694300409,3.1042228010544237,14.519906804734095,-0.04022389802526491,28.0,27.0,-1.0,1.018640202234389,1.031042228010544
ZAF,0.5100513383199328,1.662544604927606,1.6877848603111831,1.6020661548716033,0.0950978402917354,0.1590179753104918,0.3724691924114133,16.721512793841175,39.166945460462074,1.4385015241007215,1.9367762155729107,6.731507165922412,-0.025240255383577118,59.0,57.0,-2.0,1.0132180802209074,1.019367762155729
ZMB,1.4563838854827733,2.7536513276515433,2.852761355228095,2.5001650690218287,0.0446257925024347,0.0733866405548691,0.1933701870364589,16.44489351104863,43.331485267384096,4.100045240192962,7.82330332361223,30.731207418846562,-0.09911002757655163,52.0,48.0,-4.0,1.0483508495584402,1.0782330332361225
ZWE,1.0578138657863045,2.3199989538799723,2.390139663238515,2.2170753544265325,0.0499969717428772,0.093698305863686,0.3216418112679354,18.740796211729503,64.33225854599044,3.462808850068533,5.475334049365843,14.057084088446036,-0.07014070935854218,49.0,45.0,-4.0,1.036711871801595,1.0547533404936584
