ISO3,Region,n_obs,beta_growth,growth_hdi_lo,growth_hdi_hi,beta_decline,decline_hdi_lo,decline_hdi_hi
KWT,Middle East & North Africa,5,0.3553992961214995,-0.11802809560297416,0.8497753327663825,0.30942812982475615,-1.0068817220985466,1.7183974549895096
BRN,East Asia & Pacific,4,0.4200498672715701,-0.18735939357161466,0.9545379005964922,0.3031761112684287,-1.0466259932019482,1.617705865176809
LBY,Middle East & North Africa,6,0.5839239961254481,0.13093600403552422,1.035041230211531,0.5379528298287072,-0.8504748032653,1.8301236660506321
JOR,Middle East & North Africa,4,0.5867704369463096,0.155203530063385,0.9832410208633474,0.5407992706495636,-0.7885310135175019,1.8994378707000694
PYF,East Asia & Pacific,5,0.6018065598089724,0.07740289785135146,1.0799603038287786,0.4849328038058339,-0.795122810509065,1.81885550158243
COD,Sub-Saharan Africa,6,0.6046899123860708,0.10863602626280139,1.1078797776789373,0.5082053359908871,-0.8650924499484924,1.8992770282108538
SLB,East Asia & Pacific,4,0.6267890621869919,0.12588469096369376,1.0929222630060829,0.5099153061838515,-0.8010620120954356,1.7872122668178174
MDG,Sub-Saharan Africa,6,0.6276375698484,0.11494288032516443,1.0662526191043649,0.5311529934532112,-0.760586677984087,2.027084501520677
KIR,East Asia & Pacific,5,0.6403952481642707,0.10522989297249268,1.152998036080007,0.5235214921611278,-0.8396580426541311,1.7539589455314817
ARE,Middle East & North Africa,5,0.6432454735936931,0.26599820141551744,1.0003867961587585,0.5972743072969454,-0.75685953172863,1.935349457012694
DZA,Middle East & North Africa,6,0.6454848440368992,0.16744782064832855,1.1115062688549755,0.5995136777401577,-0.730400814778841,1.9639600224785894
IRN,Middle East & North Africa,6,0.6543867772587635,0.21028974849240614,1.1338377177214676,0.608415610962018,-0.6994471061590182,2.014893347319567
LBR,Sub-Saharan Africa,6,0.6558381541040648,0.1345228724690054,1.1362164567205293,0.5593535777088763,-0.7925943514706562,1.9858971278181277
VUT,East Asia & Pacific,4,0.6601911579255384,0.16349110225457522,1.1502698082301885,0.5433174019223975,-0.7982946835073785,1.776343403737358
BHR,Middle East & North Africa,5,0.6638620941546386,0.25196058879171296,1.0430609397012232,0.6178909278578965,-0.7059362895563468,1.9518788464734043
PSE,Middle East & North Africa,2,0.6654558218670026,0.13192062494006387,1.1718630689288148,0.619484655570258,-0.7912310442104068,1.9509885083614757
SAU,Middle East & North Africa,6,0.6708626120063922,0.27057712256597255,1.0757105182526254,0.6248914457096483,-0.7758918011512208,1.8988742759187383
FJI,East Asia & Pacific,6,0.6786402337440727,0.176417502531111,1.164648698217568,0.5617664777409317,-0.7030291359752382,1.886053903385248
HTI,Latin America & Caribbean,6,0.6791374904228664,0.1269314938926298,1.1796892564142487,0.6072326499576503,-0.7410774487347621,1.9429011906939793
PNG,East Asia & Pacific,6,0.6841184790402384,0.22285848146093837,1.1276387093713987,0.5672447230370974,-0.6690820270296018,1.879682115225528
VEN,Latin America & Caribbean,6,0.6896052042470936,0.1817358444847076,1.1575825505997084,0.6177003637818743,-0.7414490114864387,1.9140829238987374
CAF,Sub-Saharan Africa,6,0.6900973596211373,0.1553446763600992,1.2057030765149406,0.5936127832259505,-0.8535122700957489,1.93238021729207
SDN,Sub-Saharan Africa,6,0.691040816932296,0.24692225097210713,1.165323589628826,0.594556240537108,-0.7858005862335995,1.974288867683212
NIC,Latin America & Caribbean,6,0.69386128299825,0.20494057478657882,1.1547005285750078,0.6219564425330341,-0.6782209401481102,1.9622423919136827
NER,Sub-Saharan Africa,6,0.7065452162238132,0.24010974545160121,1.1385345884518223,0.6100606398286254,-0.7556073019250862,2.02776452605526
WSM,East Asia & Pacific,5,0.7071930608879655,0.20459406579921954,1.2723864611637743,0.590319304884824,-0.7624657138242311,1.9035799758703011
NZL,East Asia & Pacific,6,0.7091167296534625,0.16220388164670507,1.23528345602551,0.5922429736503235,-0.7177997284635724,1.8861094174441235
JAM,Latin America & Caribbean,5,0.7093534276445115,0.15084908269982436,1.205973292674568,0.6374485871792953,-0.6374959036815009,2.041493958505286
ERI,Sub-Saharan Africa,1,0.7170651261114711,0.17869657145182283,1.2493487323580938,0.6205805497162858,-0.800976645674214,2.013490270728733
PHL,East Asia & Pacific,6,0.7191891614452793,0.23517583228360003,1.1749564965503196,0.6023154054421399,-0.6067791153826321,1.9352787374058482
BIH,Europe & Central Asia,3,0.7208347365836447,0.16787813760455858,1.2970975074755489,0.5691080668806406,-0.535357129340513,1.6556424005203136
MRT,Sub-Saharan Africa,5,0.7338376918122475,0.25296469533382565,1.2221927162141026,0.6373531154170632,-0.7365035021316947,2.0087865763204933
QAT,Middle East & North Africa,5,0.7369066691351295,0.38289828979430734,1.1208631247259955,0.6909355028383841,-0.6412804714780008,2.020288108251147
OMN,Middle East & North Africa,6,0.7379927115325807,0.3061205685423229,1.1098889479542613,0.692021545235837,-0.6755002773732994,1.9957674941944266
BDI,Sub-Saharan Africa,6,0.7385278569083457,0.26544785973773466,1.243317868548266,0.6420432805131607,-0.7771323564155,1.9736540114940349
AUS,East Asia & Pacific,6,0.7428800813751,0.20376930918883335,1.249395969069319,0.6260063253719605,-0.6455849125421445,1.9190858084828517
SLV,Latin America & Caribbean,5,0.7434532188108707,0.2074637149369597,1.2590882095750726,0.6715483783456544,-0.6485388824896978,2.0155070733585436
NPL,South Asia,6,0.7445011711649018,0.19747733622331592,1.2567864141478124,0.6456694733244716,-0.7044383332401725,2.0281665899264514
BGD,South Asia,6,0.7451727579118411,0.15937331125441034,1.2317285728527643,0.6463410600714145,-0.8366801168341653,1.9681857715693183
ZMB,Sub-Saharan Africa,6,0.7507401877937971,0.2817547315838568,1.185936505533263,0.6542556113986108,-0.721068081076315,2.0130778475869358
MAR,Middle East & North Africa,5,0.7524114271367481,0.23786574608224584,1.2516732281215652,0.7064402608400043,-0.7063040270086001,1.9696939365574577
GAB,Sub-Saharan Africa,6,0.755076001622721,0.29359133122147146,1.2437101000297877,0.658591425227538,-0.6569393956497002,2.088167330685277
ZAF,Sub-Saharan Africa,6,0.7592227186341363,0.27662096997655033,1.2579392549419914,0.6627381422389529,-0.694186245803651,2.081655577457545
CAN,North America,6,0.7592452431803202,0.18630014054189212,1.336889578668957,0.6617279772018251,-0.7731418090814549,2.0461368460391
FSM,East Asia & Pacific,5,0.7621601362964896,0.2686630285711774,1.2831286011321275,0.6452863802933474,-0.6973000467899189,1.93694946765065
SEN,Sub-Saharan Africa,6,0.7631665977072648,0.28196632054126497,1.2597351047133414,0.6666820213120831,-0.7256328867223778,2.0182672809214166
PER,Latin America & Caribbean,6,0.7677341820764229,0.28305377715522156,1.2744871157627542,0.6958293416112056,-0.6329737138464357,2.036274454395366
USA,North America,6,0.7699201552859307,0.17729863280571373,1.368371564387211,0.6724028893074359,-0.757366294664074,2.073435606346952
NAM,Sub-Saharan Africa,4,0.7702706112550368,0.2791505659670322,1.2180862463842856,0.6737860348598512,-0.7490890597579071,2.01235835407435
ALB,Europe & Central Asia,4,0.7705024762135069,0.21875230712557034,1.3144566230340924,0.6187758065104991,-0.4414976823605139,1.729208804563699
TZA,Sub-Saharan Africa,6,0.771473618290787,0.2989302457043143,1.2026467731275636,0.6749890418956002,-0.6903110173180668,2.084638532460934
TON,East Asia & Pacific,3,0.7742537245729597,0.23826551499407955,1.3144485852820764,0.6573799685698193,-0.654709808811725,1.9748657164285524
AGO,Sub-Saharan Africa,4,0.7766512905336618,0.3340457385848053,1.2344266577834588,0.6801667141384762,-0.6344520500149591,2.0995223047799083
MDA,Europe & Central Asia,3,0.776902621368267,0.1917531945571025,1.3228489245673174,0.625175951665263,-0.4421683736177997,1.7594258939936886
SYR,Middle East & North Africa,6,0.7782913798677342,0.3354955488483124,1.2486861139801668,0.7323202135709933,-0.6445827158772675,2.0621946459338423
GNB,Sub-Saharan Africa,5,0.779622791916782,0.2738389748591723,1.2601004741667925,0.6831382155215938,-0.7376731912182967,2.036412638073806
ROU,Europe & Central Asia,3,0.7806350013561496,0.16040001688799907,1.3004281947047898,0.6289083316531455,-0.44859686060079224,1.7450910312134855
PAK,South Asia,6,0.7811673806925181,0.28869812405252737,1.2844966612831856,0.6823356828520916,-0.7233175211831786,2.0588119477095566
TUN,Middle East & North Africa,5,0.7812395016304045,0.2800221179801436,1.3206534300845592,0.7352683353336557,-0.6656751789135845,2.0797351396664876
CHE,Europe & Central Asia,6,0.7813335753787839,0.22975821468056393,1.3279515719132449,0.6296069056757805,-0.46439899171490495,1.7410101757484044
GUM,East Asia & Pacific,1,0.7831830321288017,0.2184398353358241,1.3338612923873867,0.6663092761256585,-0.6087484659183965,2.031094410865691
MNG,East Asia & Pacific,3,0.7876226592600504,0.2668044357076234,1.319557564405159,0.6707489032569119,-0.6474725811159623,1.9646429696075258
AFG,South Asia,2,0.7878843424554954,0.30073534998667195,1.2838000130520062,0.6890526446150675,-0.7806837865806104,1.980946586554499
TKM,Europe & Central Asia,3,0.788626864765194,0.30268840866717367,1.3372036688385511,0.6369001950621842,-0.4424015631504169,1.706066347748203
MDV,South Asia,5,0.7888943480313391,0.3300940347313033,1.2715579816657738,0.6900626501909118,-0.7248157134311208,2.0252924326183077
CUW,Latin America & Caribbean,2,0.7897088813318618,0.24569452837693656,1.392133684054686,0.7178040408666456,-0.6186132838600663,2.1037985542067217
ATG,Latin America & Caribbean,4,0.7927248762636819,0.2693238022059289,1.3062326284083574,0.7208200357984662,-0.6807705818094671,1.9853756276425762
COM,Sub-Saharan Africa,4,0.7930939895161518,0.29194396082036883,1.2656119040983405,0.6966094131209675,-0.679362486903642,2.090434432723883
RUS,Europe & Central Asia,3,0.7932613495821255,0.20540817365682112,1.3491620575659078,0.6415346798791167,-0.5357978222085262,1.7067481725102231
TLS,East Asia & Pacific,3,0.7936462548316575,0.2952943847326962,1.3045574471303476,0.6767724988285185,-0.6071363398692969,1.9864437796170034
ARG,Latin America & Caribbean,6,0.7938666800787952,0.24766311247282122,1.3545693893082975,0.7219618396135782,-0.6408588230881951,2.0913190548532428
LTU,Europe & Central Asia,3,0.79454558111004,0.24190206862511357,1.3613580455994145,0.6428189114070373,-0.4213975414957599,1.7431991158312428
LUX,Europe & Central Asia,6,0.7947228156678232,0.2654377608464389,1.3668103146704924,0.6429961459648146,-0.4866191196246751,1.690210701220064
ZWE,Sub-Saharan Africa,6,0.795754206806701,0.3273874581431811,1.2540549288152165,0.699269630411514,-0.735978427605836,1.982982391822491
GUY,Latin America & Caribbean,6,0.7981125128097287,0.21904832601297794,1.3198655752059063,0.7262076723445099,-0.5910559062498253,2.0997745376584516
CHI,Europe & Central Asia,1,0.7989869141094652,0.22058279923270427,1.3930261428538087,0.6472602444064589,-0.45740371245322375,1.7410928845492415
GBR,Europe & Central Asia,6,0.8014952039320885,0.2310648860831781,1.3832092568415446,0.6497685342290833,-0.46476341849729375,1.7158359717492118
CZE,Europe & Central Asia,3,0.8018906290542944,0.2107049268868702,1.346418987616135,0.6501639593512895,-0.42598497027543025,1.7785496255423827
BGR,Europe & Central Asia,4,0.8021078165376263,0.2072430562786849,1.3222078917829314,0.6503811468346202,-0.42380928655145095,1.7490052475526146
SVK,Europe & Central Asia,3,0.8022155226265814,0.23014409724684246,1.3397552311096532,0.6504888529235769,-0.4444231028440071,1.7570230563310676
BEL,Europe & Central Asia,6,0.8039491300889741,0.24990982727941757,1.3645369959201767,0.6522224603859678,-0.41820001525931166,1.775122649617749
MKD,Europe & Central Asia,3,0.8055466983623796,0.2814456197866528,1.4124695787409145,0.6538200286593726,-0.44318584467417155,1.7668837132669495
NOR,Europe & Central Asia,6,0.8065318134939051,0.25130323958993983,1.3536518197329905,0.6548051437908997,-0.4418905748449967,1.7753711348556007
POL,Europe & Central Asia,3,0.8066340209390195,0.2849303423213454,1.4037886233919792,0.6549073512360108,-0.43818935446508955,1.764453786470104
SUR,Latin America & Caribbean,6,0.8069752567389671,0.302132439929391,1.2827828760975277,0.7350704162737486,-0.5897200675108007,2.0544639344330307
CMR,Sub-Saharan Africa,6,0.8077583166230956,0.3131438352014229,1.260173702993052,0.7112737402279095,-0.7350120288216884,2.0260403471468384
SOM,Sub-Saharan Africa,6,0.8085694336392129,0.3531465575432619,1.2552744424531674,0.7120848572440281,-0.7085333953082205,2.0217456111093286
SWE,Europe & Central Asia,6,0.8088033642192151,0.20470599396502512,1.3457515352743408,0.6570766945162069,-0.4670423299456623,1.7493907007187053
NGA,Sub-Saharan Africa,6,0.809473837501565,0.32112784390939103,1.2795213026910974,0.7129892611063786,-0.6515847036590993,2.117124468452956
CIV,Sub-Saharan Africa,6,0.8094955309141438,0.393844592354544,1.246524051155463,0.7130109545189572,-0.6107215963999406,2.090450909165974
AUT,Europe & Central Asia,6,0.8099361170441158,0.25768751694883857,1.3924075683093744,0.658209447341111,-0.4393695201079025,1.750635220694433
NLD,Europe & Central Asia,6,0.8100651378723037,0.27671655703142906,1.385246410914462,0.658338468169299,-0.4099997518247328,1.8052452015627911
GHA,Sub-Saharan Africa,6,0.8105010580110728,0.33343775349621546,1.2989924062354175,0.7140164816158869,-0.7484684579191833,2.037865800966063
EST,Europe & Central Asia,3,0.8121619741762998,0.2255942707315175,1.3727744126490096,0.6604353044732959,-0.44269963736779716,1.757922983303656
DNK,Europe & Central Asia,6,0.8122288046020943,0.18735546552990953,1.3602926800352038,0.66050213489909,-0.45921757607889885,1.7344315667191608
STP,Sub-Saharan Africa,5,0.8122745799653043,0.34004268867793674,1.3309430595037133,0.7157900035701168,-0.6242603599837749,2.120040261348815
ISL,Europe & Central Asia,6,0.8123847465022144,0.2723036555545396,1.3119148172985218,0.6606580767992071,-0.43032756974660563,1.744211176216537
BLR,Europe & Central Asia,3,0.8124186453567772,0.2623653850936899,1.3871153930552755,0.6606919756537709,-0.40486343405087344,1.800921026289104
SLE,Sub-Saharan Africa,6,0.812773303356541,0.29445826198123687,1.2802711998167828,0.716288726961354,-0.6336569555234837,2.133485189912627
SVN,Europe & Central Asia,3,0.8133276011194301,0.25400093941234075,1.3707919027502993,0.6616009314164228,-0.5171981193037115,1.6835866078806414
BOL,Latin America & Caribbean,6,0.8134035228660831,0.3420794245701775,1.3002947602818404,0.7414986824008667,-0.5892475364947386,2.0796222209031128
MNE,Europe & Central Asia,2,0.8135618515919193,0.2083132499212032,1.3544312107812666,0.6618351818889131,-0.43417439537890523,1.784690212057805
LBN,Middle East & North Africa,3,0.8148461503219152,0.2801406496876799,1.3996060683359626,0.7688749840251721,-0.6092407911682227,2.1234089433202583
IRQ,Middle East & North Africa,6,0.8160063693251426,0.3471739997361563,1.3125246349285453,0.7700352030283978,-0.6279627537773718,2.0711400074090274
TGO,Sub-Saharan Africa,6,0.8167676427140157,0.3731278876719979,1.3187841308560082,0.7202830663188301,-0.5847105585912326,2.1426541597251303
LVA,Europe & Central Asia,3,0.8170067613100223,0.2738599059584876,1.379737097544122,0.6652800916070155,-0.3880750139854817,1.7867617703830037
BRB,Latin America & Caribbean,6,0.8171500764700695,0.29040937905644904,1.3649778415724023,0.7452452360048589,-0.6653342832165191,2.058205575844899
FRA,Europe & Central Asia,6,0.817277312286964,0.2504371213346966,1.3824282146287816,0.6655506425839582,-0.43324503052234353,1.7792390138160044
UZB,Europe & Central Asia,3,0.8175895310807427,0.2988018079422442,1.326615168432859,0.6658628613777385,-0.39416283939202046,1.7753107376836346
URY,Latin America & Caribbean,6,0.817731100420613,0.2884797797827108,1.3626848449684612,0.7458262599553979,-0.6135070748496947,2.043468562805828
IND,South Asia,6,0.8182686968427614,0.2776089130225972,1.3505181302360232,0.7194369990023302,-0.6411004920253331,2.111997556448683
GTM,Latin America & Caribbean,6,0.8185042276255594,0.36528155949119295,1.292903364760217,0.7465993871603425,-0.634705792525466,2.044716663058771
LKA,South Asia,5,0.8185071945090758,0.25016713922795286,1.3719069156331687,0.7196754966686438,-0.7058962007933967,2.0644461398341387
DEU,Europe & Central Asia,6,0.8189276460570727,0.2353574103110884,1.3705301247114403,0.6672009763540724,-0.4276933752545973,1.7530979773641424
TJK,Europe & Central Asia,3,0.8218629124152378,0.32450949324030365,1.3552284767678842,0.6701362427122294,-0.3677945189427986,1.8516608929571836
ECU,Latin America & Caribbean,6,0.8223683048231608,0.3360632893555925,1.2550522994956514,0.7504634643579443,-0.5341852386797882,2.1215214895211094
ISR,Middle East & North Africa,6,0.8232704485863475,0.3500110034214231,1.3450142075264782,0.7772992822896058,-0.6317075341934122,2.0872923536204
ESP,Europe & Central Asia,6,0.8236630573446306,0.2782447330500274,1.3947452352563838,0.6719363876416262,-0.4047880027003977,1.7299783908500812
FIN,Europe & Central Asia,6,0.8243022990021355,0.2987191231173811,1.4348234180419521,0.6725756292991322,-0.4446919479753859,1.7694298879812942
GRD,Latin America & Caribbean,4,0.8271389371782598,0.29935429175723094,1.3810571241869043,0.7552340967130445,-0.5625491813177075,2.1461783506091057
UKR,Europe & Central Asia,3,0.8303576097504219,0.2998393118530652,1.4130889690989437,0.6786309400474173,-0.3986862385654067,1.7599902012226472
MEX,Latin America & Caribbean,6,0.8306391985996018,0.3585570415840497,1.294869302041924,0.7587343581343845,-0.5686148762694926,2.0848396777423908
MWI,Sub-Saharan Africa,6,0.830827655539814,0.3846490003787149,1.2820232283022397,0.7343430791446293,-0.6012053341529064,2.1369252738289646
HUN,Europe & Central Asia,6,0.8310174978359421,0.2811673371587141,1.4359226816981352,0.6792908281329344,-0.42059649566831736,1.774718843786785
PRT,Europe & Central Asia,6,0.8318789704771674,0.2644607417062863,1.3880852718346437,0.6801523007741628,-0.43777985006846487,1.7565879141921141
ABW,Latin America & Caribbean,3,0.8325160951944276,0.3347735661648012,1.3484606761826237,0.7606112547292079,-0.5766883067326649,2.087248527257775
ITA,Europe & Central Asia,6,0.8370555832454103,0.2705440545822512,1.4248760747541545,0.685328913542404,-0.371812736819078,1.8036406107084897
KEN,Sub-Saharan Africa,6,0.8376808545498934,0.4092932541055816,1.2759128359582588,0.7411962781547057,-0.6596373868223652,2.055624882285796
GRC,Europe & Central Asia,6,0.8378897252484,0.2529928391665441,1.3907973254102226,0.6861630555453947,-0.4797741084632205,1.7141169235222413
MMR,East Asia & Pacific,6,0.8391801389789353,0.3105810967468308,1.3759481468334986,0.7223063829757967,-0.6033205997085775,2.010624146189657
HRV,Europe & Central Asia,3,0.8392457337702689,0.2342751027420613,1.3827367338860315,0.6875190640672615,-0.34491173535456454,1.834569940782418
CYP,Europe & Central Asia,4,0.8401284001883864,0.32862274123452145,1.3947261404442934,0.688401730485382,-0.3673195571471597,1.7876257469900168
KHM,East Asia & Pacific,4,0.8405331174663717,0.3813920671703965,1.3201873055373188,0.7236593614632282,-0.5695527622440733,2.007765531969795
COL,Latin America & Caribbean,6,0.8420202215223865,0.35002899842187807,1.3036437663206544,0.7701153810571689,-0.5451506312127598,2.1314374826506852
TCD,Sub-Saharan Africa,6,0.8426204691707933,0.38866355032117456,1.2915669586366054,0.7461358927756079,-0.566758917349315,2.1842257195249077
ARM,Europe & Central Asia,3,0.8470022300185375,0.3029509851310543,1.4451632958307967,0.6952755603155306,-0.32501628886325595,1.8527830484808896
IDN,East Asia & Pacific,6,0.8488621303641789,0.3663092350908596,1.3410099643781974,0.7319883743610401,-0.5413843501847599,2.0360926533019272
BLZ,Latin America & Caribbean,6,0.8495747684055508,0.4147252755915662,1.300643167184357,0.7776699279403304,-0.4812321235792706,2.193587083120132
MAC,East Asia & Pacific,3,0.8526139132993674,0.3482385609320477,1.3573302328690955,0.735740157296229,-0.550499963890458,2.0564645837070574
MLT,Middle East & North Africa,5,0.8545309543879365,0.3192995815730677,1.463048088174251,0.8085597880911934,-0.5390625236217755,2.212256546131826
BEN,Sub-Saharan Africa,6,0.8563594421725825,0.4066520650326846,1.3247872001331982,0.7598748657773964,-0.6017206419978274,2.1275847451820553
CRI,Latin America & Caribbean,6,0.8646743124547855,0.43879163677505084,1.3431372467095721,0.7927694719895664,-0.49971956886349644,2.1633922080688794
MLI,Sub-Saharan Africa,5,0.8652457459817317,0.3812487256499444,1.3585480524804545,0.7687611695865465,-0.5814068380699929,2.1489943190169902
IRL,Europe & Central Asia,6,0.8676289461221034,0.31469305937525893,1.4101222474507207,0.7159022764190951,-0.3968560223310601,1.8038523382751106
GEO,Europe & Central Asia,6,0.8681851690583718,0.3273687576755832,1.4593393885342463,0.7164584993553649,-0.39397918019391304,1.8225349578543135
CUB,Latin America & Caribbean,5,0.8687535103896603,0.327358194539919,1.4200288068659888,0.7968486699244416,-0.6022419878583709,2.0708233057173597
RWA,Sub-Saharan Africa,6,0.8715544911124368,0.4065772964234946,1.3354916607522265,0.77506991471725,-0.5999024423731676,2.1406189960489215
AZE,Europe & Central Asia,3,0.8731395824432007,0.3432232502769161,1.4349850090477307,0.7214129127401924,-0.3501652675710848,1.8137488054562025
CHL,Latin America & Caribbean,6,0.8743585745124507,0.37811983600432486,1.4333312440881716,0.8024537340472269,-0.5200539597497879,2.1863422490361897
TTO,Latin America & Caribbean,6,0.8779210296346891,0.33622532872936345,1.4085449849148974,0.8060161891694659,-0.47489350548868825,2.269519657416738
BRA,Latin America & Caribbean,6,0.8883576637770169,0.4320771793668792,1.4082048191364274,0.8164528233117987,-0.5081574666379771,2.1704161896670353
JPN,East Asia & Pacific,6,0.8886979443245461,0.34629420853973053,1.4656659900938303,0.7718241883214045,-0.5173743334335368,2.1081856361355884
MYS,East Asia & Pacific,6,0.8947706157763964,0.47908695652039757,1.3928928370208848,0.7778968597732625,-0.4656699630550638,2.1037250763448685
KAZ,Europe & Central Asia,3,0.8995999426686094,0.33112997844691894,1.4633069203666202,0.7478732729656016,-0.3054721608081603,1.8885295188496012
GIN,Sub-Saharan Africa,5,0.9016927188232159,0.40046654874061827,1.3669172076616292,0.8052081424280316,-0.5762831932689882,2.195187791745923
LSO,Sub-Saharan Africa,6,0.9084358209645632,0.41167607303746073,1.400945719303394,0.8119512445693776,-0.5680888905377767,2.1759206913332045
MUS,Sub-Saharan Africa,6,0.9092733826214006,0.39711649939762766,1.435170524633247,0.8127888062262156,-0.529470830134359,2.248334695497522
LAO,East Asia & Pacific,3,0.9111845007465644,0.39916027443130975,1.4389465297628423,0.7943107447434289,-0.5460068102625248,2.1016080970126376
PRY,Latin America & Caribbean,6,0.9121527938650665,0.4390243154458035,1.4153888156125467,0.8402479533998469,-0.5469598748422747,2.1008540570545025
HKG,East Asia & Pacific,5,0.9121872639493585,0.4056197992275381,1.4174192542470663,0.7953135079462201,-0.47929372371315715,2.1053916272642703
BTN,South Asia,5,0.9157618291845927,0.39623466855565936,1.457864850138047,0.8169301313441677,-0.5334398578504327,2.2237120933200463
VNM,East Asia & Pacific,3,0.9163948803786471,0.38332044453526004,1.480369740680037,0.7995211243755082,-0.49262124775689187,2.194117450477982
SYC,Sub-Saharan Africa,6,0.9220600773467862,0.43722560803106336,1.47099849754027,0.8255755009516011,-0.5289189515465009,2.231123770493899
THA,East Asia & Pacific,6,0.9278356685083503,0.4448776352618779,1.419531820372318,0.810961912505215,-0.5191681222056529,2.0772122651140084
PAN,Latin America & Caribbean,6,0.931745754143999,0.4899178121681072,1.4736178543098402,0.8598409136787817,-0.5252797668994714,2.1862738908885664
DOM,Latin America & Caribbean,6,0.933126046112434,0.4591083018939606,1.4032376011590737,0.8612212056472185,-0.44910222553191625,2.2063634766665965
PRI,Latin America & Caribbean,6,0.9342797058882083,0.40075619265474166,1.4857738879665485,0.862374865422991,-0.44435417568266644,2.215342411971695
BFA,Sub-Saharan Africa,6,0.9371395070947101,0.4730961043645024,1.4347313237379218,0.8406549306995256,-0.47963455688233037,2.288964039516511
MOZ,Sub-Saharan Africa,4,0.9706246384905459,0.48480522170070856,1.483206065666939,0.8741400620953597,-0.4434870260668543,2.3054942785527124
UGA,Sub-Saharan Africa,3,0.9742394057259525,0.5069536262874688,1.4749782204647068,0.8777548293307678,-0.5551446035273451,2.1965380069785105
GNQ,Sub-Saharan Africa,4,0.9778202357005643,0.5592424556362567,1.423691123390127,0.8813356593053765,-0.4983311642394983,2.2413098897400276
ETH,Sub-Saharan Africa,5,0.9809098838999543,0.5229215284329436,1.4782275242566805,0.8844253075047721,-0.47352195617349413,2.2878177382738896
SWZ,Sub-Saharan Africa,5,1.009716158078326,0.4844645951818245,1.5112184431284803,0.9132315816831373,-0.46102100587092276,2.3461398075694158
CHN,East Asia & Pacific,6,1.0103207322468353,0.4737951880757087,1.5802225289215623,0.8934469762436905,-0.4192905087125043,2.2075520478039907
SGP,East Asia & Pacific,6,1.0104833568947809,0.5364597824710623,1.5326919162042647,0.8936096008916399,-0.42693441384836694,2.169084727197727
CPV,Sub-Saharan Africa,4,1.0213943130012555,0.4965961678725589,1.5654242604464226,0.9249097366060655,-0.36501605878968024,2.353278492974371
HND,Latin America & Caribbean,6,1.0377840749688054,0.5728791790649295,1.5477282039284017,0.9658792345035869,-0.44057001957498765,2.2364366489472625
KOR,East Asia & Pacific,6,1.0672724044433102,0.5115622812881762,1.648082756789634,0.9503986484401721,-0.38440173663909727,2.2710230208844138
BWA,Sub-Saharan Africa,6,1.153069534474503,0.6542004776992166,1.6667073522688425,1.0565849580793187,-0.2557033810199788,2.5283766967678813
