ISO3,Region,n_obs,beta_mean,hdi_lo,hdi_hi
KWT,Middle East & North Africa,10,0.3814072969082483,-0.14721765118749996,0.8955324444957129
JOR,Middle East & North Africa,8,0.7431760484056812,0.30169296390892164,1.1901053484677848
AND,Europe & Central Asia,10,0.7612820466987626,0.3091288510818911,1.1963541805454325
BRN,East Asia & Pacific,9,0.7745515435643263,0.19797230448799893,1.258810716852516
COD,Sub-Saharan Africa,12,0.7818558235837018,0.26739262823523857,1.2953545206303836
YEM,Middle East & North Africa,5,0.8088479141852202,0.27780800083443413,1.2752165386814627
SSD,Sub-Saharan Africa,1,0.811859849841889,0.193193513271108,1.370275456180261
ARE,Middle East & North Africa,10,0.8324356603936993,0.4479543739963336,1.2025004868226383
MDG,Sub-Saharan Africa,12,0.8412500119976286,0.3231540520821704,1.325219809057107
BHR,Middle East & North Africa,10,0.8644308001832062,0.43223987098289696,1.2823737126704438
ALB,Europe & Central Asia,8,0.8644308571488228,0.3104659643069224,1.4222139766931263
SLB,East Asia & Pacific,8,0.8680994274599965,0.32802208743883776,1.3529464734980885
NRU,East Asia & Pacific,10,0.8694889074824917,0.3131260838688659,1.4517618640103072
IRN,Middle East & North Africa,12,0.8701354769424503,0.3641689362607306,1.3591926944053898
SMR,Europe & Central Asia,4,0.8762905543884879,0.31431489600007323,1.4287134198339526
SDN,Sub-Saharan Africa,12,0.8862805470129318,0.3828418960586583,1.3614607654483355
DZA,Middle East & North Africa,12,0.888775205250939,0.3420079030288306,1.377486914722122
QAT,Middle East & North Africa,10,0.8940365863764841,0.5145428961991568,1.291078183941884
LTU,Europe & Central Asia,6,0.8975483950404534,0.3320074961371218,1.4254150657589957
TUV,East Asia & Pacific,10,0.9010550901558111,0.33867564453980825,1.4126153752973643
SAU,Middle East & North Africa,12,0.9017391458847204,0.47354353570686647,1.330116628247746
TKM,Europe & Central Asia,6,0.9058970650321598,0.3688740194753118,1.4326469310675867
BLR,Europe & Central Asia,6,0.9066142755590532,0.3298956282024479,1.4692206499456055
NER,Sub-Saharan Africa,12,0.906652494183346,0.43158183450212123,1.3849145437451476
PSE,Middle East & North Africa,5,0.9097291106877505,0.37931831387951376,1.4234957068112908
BGD,South Asia,12,0.9104807177279947,0.35360959453908747,1.4191712056458161
NPL,South Asia,12,0.9110386528452394,0.3241542210929915,1.4485428634191102
VUT,East Asia & Pacific,8,0.9126542506430496,0.3611961738002039,1.4053307974486766
TJK,Europe & Central Asia,7,0.9136787263710344,0.3789332114833335,1.4111170927258938
GNB,Sub-Saharan Africa,10,0.9156694074244796,0.4092905634034557,1.389981246943212
HTI,Latin America & Caribbean,12,0.9165119086165705,0.3393996170429866,1.4370875110953103
PYF,East Asia & Pacific,11,0.9165513404898744,0.38581646240655726,1.3967324081082202
CHI,Europe & Central Asia,2,0.9206170432095244,0.3336504410600053,1.4734851416850319
LUX,Europe & Central Asia,12,0.9213249256695578,0.38831867749709875,1.4450283407319315
ROU,Europe & Central Asia,6,0.9229624264730328,0.38344650674846575,1.4910299783999892
DJI,Middle East & North Africa,1,0.9292690151190941,0.3871208480480115,1.494437608699167
NIC,Latin America & Caribbean,12,0.9314669369259944,0.408554994327462,1.4283800146954737
CAF,Sub-Saharan Africa,12,0.9325508597555351,0.39916506822548214,1.4650559149170048
CHE,Europe & Central Asia,12,0.9327473010255987,0.3558215639454254,1.4735496324936088
KGZ,Europe & Central Asia,6,0.9327973617634517,0.3407079030975498,1.4856115896583855
RUS,Europe & Central Asia,6,0.934534703006381,0.34931841157312365,1.4966127578348791
GBR,Europe & Central Asia,12,0.9350978435105386,0.39851494726887227,1.5293057191916015
PLW,East Asia & Pacific,10,0.9351971741453435,0.40898871303440487,1.421967118899204
SWE,Europe & Central Asia,12,0.9353433534984571,0.3723943821078147,1.4985793404501853
MRT,Sub-Saharan Africa,11,0.9361578008672756,0.47380053949149437,1.4618711624209988
AGO,Sub-Saharan Africa,8,0.9373669541133918,0.4800307155065304,1.4117134074308428
BGR,Europe & Central Asia,8,0.9409332165113508,0.40342092140544106,1.4920651181693738
NOR,Europe & Central Asia,12,0.9417153995210352,0.41832850036753566,1.524670567430011
FRO,Europe & Central Asia,2,0.9441536653748558,0.39712048117353593,1.5295592835878886
POL,Europe & Central Asia,6,0.9449386828112017,0.3707224292508775,1.5016127020951002
UZB,Europe & Central Asia,6,0.94543860545871,0.45274484934950204,1.5067928229381728
NAM,Sub-Saharan Africa,8,0.9455456661043373,0.41999903628613805,1.4682484321537328
SVK,Europe & Central Asia,6,0.9456107418381976,0.37058255762981807,1.5270049278024889
BEL,Europe & Central Asia,12,0.9466275403080984,0.3776780158835766,1.5151675787225263
GEO,Europe & Central Asia,12,0.9469975791497921,0.4133389506827032,1.5121482404965578
SRB,Europe & Central Asia,5,0.9472184214097854,0.3765583439458412,1.5094893841361565
CZE,Europe & Central Asia,6,0.9475349909823353,0.3669986891040653,1.504374718332898
TZA,Sub-Saharan Africa,12,0.9477186054442003,0.47936968203688335,1.398060205815605
MDA,Europe & Central Asia,6,0.9491274023536456,0.3949866853495609,1.5132392758870803
UKR,Europe & Central Asia,6,0.9499271718170168,0.40127006866457626,1.5504020507053653
FIN,Europe & Central Asia,12,0.9512318285758979,0.37273799319931017,1.5215997959184318
AUT,Europe & Central Asia,12,0.9519290534977681,0.4002070856564101,1.536075987397402
SVN,Europe & Central Asia,6,0.9521177716190536,0.3820203307565977,1.563286316124999
PRT,Europe & Central Asia,12,0.9522764520786924,0.3613395510485016,1.5206544619348312
IRQ,Middle East & North Africa,12,0.9529839581655345,0.5007642491993477,1.439435912399121
ISL,Europe & Central Asia,12,0.9535126773361408,0.4152165347895248,1.5107829573797253
PNG,East Asia & Pacific,12,0.9539130809956021,0.47088518018821823,1.4224872149288061
DNK,Europe & Central Asia,12,0.9555935874907341,0.3689069967212628,1.5474888657417911
GAB,Sub-Saharan Africa,12,0.9557049748666466,0.4588675875495919,1.460240988187063
XKX,Europe & Central Asia,2,0.955922270240504,0.3605376165108011,1.5035675351689044
GRL,Europe & Central Asia,10,0.9561279959834154,0.37573170040716947,1.5188822161053184
MNE,Europe & Central Asia,4,0.9568484259615199,0.35223375753734043,1.5320595391286782
SEN,Sub-Saharan Africa,12,0.957934649543072,0.45331070200574586,1.4450082898264462
GMB,Sub-Saharan Africa,10,0.9588765622701687,0.4876460278107899,1.438462016145891
ARM,Europe & Central Asia,6,0.9589413286021078,0.37060137570266094,1.5360978989857685
ERI,Sub-Saharan Africa,3,0.9590557491025999,0.3970464176058268,1.4980963287353872
LVA,Europe & Central Asia,6,0.9598953934328588,0.38048494742722555,1.4864973312371466
MCO,Europe & Central Asia,10,0.9606754399526554,0.391015243494919,1.5085202257346657
ZMB,Sub-Saharan Africa,12,0.9618004717567693,0.49744023180763997,1.453523452407903
MKD,Europe & Central Asia,6,0.9622792507125106,0.4356133895730851,1.5486667650935542
MAR,Middle East & North Africa,10,0.9627323686069926,0.4527417493723478,1.4998115290014447
DEU,Europe & Central Asia,12,0.9636862755495399,0.40924734828750015,1.534733354011388
OMN,Middle East & North Africa,12,0.9673940550071052,0.5369487655596505,1.3853367792304838
FRA,Europe & Central Asia,12,0.9695733492663274,0.43406835257826576,1.5698209286277376
ITA,Europe & Central Asia,12,0.9700731753987049,0.4167212439812285,1.5713673531150794
PAK,South Asia,12,0.9703701702968158,0.46089083038009393,1.4804978067853711
HRV,Europe & Central Asia,6,0.9703869175880778,0.40113272001105077,1.5253988674886254
AZE,Europe & Central Asia,6,0.9706713702119307,0.411697307383014,1.5304887482295253
NLD,Europe & Central Asia,12,0.9729570860748268,0.4350443297663029,1.565759152467342
KIR,East Asia & Pacific,10,0.976022861702947,0.42746752741609795,1.4813353309382042
ESP,Europe & Central Asia,12,0.9772761899152964,0.4067540905571423,1.5370266969035355
MLT,Middle East & North Africa,10,0.980153897483786,0.4232505713873897,1.555370330378678
COM,Sub-Saharan Africa,8,0.9817633859342885,0.44852864900413186,1.5214972288418736
TUN,Middle East & North Africa,11,0.9821945774386199,0.4363894191808433,1.5210683692257172
ZAF,Sub-Saharan Africa,12,0.984585321733399,0.47734742916236966,1.4944960394231286
AFG,South Asia,4,0.9850965032747122,0.46514527539869277,1.5324565642338246
BDI,Sub-Saharan Africa,12,0.9865321284193543,0.5031374543696892,1.5075805480548226
LBN,Middle East & North Africa,6,0.9872710620016503,0.4952842317374101,1.513034151319654
IRL,Europe & Central Asia,12,0.9874843769718339,0.4906664185573166,1.5839294531946662
EST,Europe & Central Asia,6,0.9877419557090983,0.4425623611645762,1.5565235026158226
MHL,East Asia & Pacific,10,0.9877845225476459,0.528146506243497,1.488409490372942
LBY,Middle East & North Africa,12,0.9900185809089715,0.5243622656941879,1.4722108344905558
HUN,Europe & Central Asia,12,0.9912599530429229,0.4111846716097747,1.5719156703498518
TUR,Europe & Central Asia,12,0.9913884797963043,0.452721930150294,1.4785972221639498
PER,Latin America & Caribbean,12,0.9918353249334348,0.46113919107439655,1.4942426841648335
CMR,Sub-Saharan Africa,12,0.9918723623797658,0.5023526919614549,1.4838470442219778
CIV,Sub-Saharan Africa,12,0.9956109655639451,0.5504566140862511,1.480402674028336
SXM,Latin America & Caribbean,2,0.9961985428988658,0.420722946945813,1.5439210713757665
CYP,Europe & Central Asia,9,0.9979610680594413,0.4865463022386492,1.5824704494329684
JAM,Latin America & Caribbean,10,0.9980641069136633,0.4310614773601537,1.5626197542100169
FJI,East Asia & Pacific,12,0.9985768758374056,0.4865970080334995,1.5224703637216441
GHA,Sub-Saharan Africa,12,0.9986136818443724,0.4566322692537093,1.4598972134706103
SLV,Latin America & Caribbean,11,0.9994467883373187,0.44421401810434,1.5311626190720753
IND,South Asia,12,0.9998898847912616,0.4483091781635271,1.5466276813372328
NGA,Sub-Saharan Africa,12,0.9999043335506931,0.49391758588589807,1.4938687726929079
COG,Sub-Saharan Africa,12,1.0030440479829608,0.4927960676507189,1.474957339507008
DMA,Latin America & Caribbean,8,1.0045756793545324,0.4390699400737642,1.5983695729096257
SOM,Sub-Saharan Africa,12,1.0081089551100286,0.551364523492888,1.4678807882902447
MWI,Sub-Saharan Africa,12,1.0086427669853557,0.5255791646111394,1.4632741189469376
ATG,Latin America & Caribbean,8,1.0087807124763057,0.42652893677991927,1.5617502431370405
PHL,East Asia & Pacific,12,1.010642356409716,0.5179130185254632,1.4999097989039103
GRC,Europe & Central Asia,12,1.0113901455229308,0.4852462025391041,1.5880472316384482
CYM,Latin America & Caribbean,2,1.0117434749931786,0.44821301029244415,1.546264682803985
ARG,Latin America & Caribbean,12,1.0125977594918307,0.43689657308867863,1.5333062657678516
TGO,Sub-Saharan Africa,12,1.0128148686769005,0.5285196543006856,1.4932033396435154
TCD,Sub-Saharan Africa,12,1.014869739103052,0.5202257986772025,1.4660175650323395
LKA,South Asia,11,1.0169369733532392,0.43199005148814273,1.612420747070264
WSM,East Asia & Pacific,10,1.0169737375100611,0.4521516701839076,1.580398633000876
TON,East Asia & Pacific,7,1.020369976412642,0.4309605933319986,1.5738618177423458
KAZ,Europe & Central Asia,6,1.0205696121875978,0.46340888655669793,1.5992521137012945
EGY,Middle East & North Africa,12,1.0218567534416436,0.5204467402126788,1.5763204151653707
STP,Sub-Saharan Africa,10,1.0221363883995962,0.46921287722738964,1.5234915198661503
NZL,East Asia & Pacific,12,1.0237904536074363,0.5036636766247836,1.5655243960452758
AUS,East Asia & Pacific,12,1.0262022038597092,0.4931290806281581,1.574093127597214
MLI,Sub-Saharan Africa,10,1.027473411810147,0.5293735720538402,1.5326723827372066
BEN,Sub-Saharan Africa,12,1.0275237319653854,0.5142429430334504,1.4901267003305407
VEN,Latin America & Caribbean,12,1.0280416289889245,0.5078474470723913,1.5205680611091703
MDV,South Asia,10,1.0281100039682112,0.4917895750797098,1.526558760608889
VCT,Latin America & Caribbean,12,1.0310868593767375,0.46668227070513085,1.5977834658275285
CUW,Latin America & Caribbean,4,1.0336119453356785,0.4598243993769211,1.6088624511051193
GTM,Latin America & Caribbean,12,1.0337412654905953,0.5257435404794415,1.5373648188204736
GUM,East Asia & Pacific,3,1.0364000763100931,0.42651481233306443,1.5738732393232429
GRD,Latin America & Caribbean,8,1.0374236578941574,0.43674273565294786,1.6158816736623594
ZWE,Sub-Saharan Africa,12,1.0388011288909826,0.5592250217943349,1.5350710358894675
BOL,Latin America & Caribbean,12,1.0389172100292898,0.5434875617243099,1.567186060943125
KHM,East Asia & Pacific,9,1.0407782517487842,0.5658780340293679,1.504777601835785
CAN,North America,12,1.0410202011009833,0.4377074764633301,1.6712121066941847
KNA,Latin America & Caribbean,8,1.0414610206994042,0.47983922514461486,1.6173661041126592
ISR,Middle East & North Africa,12,1.0436032166508016,0.5472304692027896,1.5815545459036728
ABW,Latin America & Caribbean,6,1.0446571181185695,0.48376816990948807,1.5316695478710327
KEN,Sub-Saharan Africa,12,1.046480267667215,0.5968528651475298,1.5055942375694766
MNG,East Asia & Pacific,7,1.0480661874267536,0.5640435545631903,1.603969959742571
USA,North America,12,1.0488471773097363,0.41734475932716447,1.684135725937586
SLE,Sub-Saharan Africa,12,1.0489031696962396,0.5566613311324197,1.5406316070423849
TCA,Latin America & Caribbean,2,1.0504220972251126,0.5224783515851802,1.5547382215332304
IMN,Europe & Central Asia,7,1.051043114547664,0.5223085122770769,1.6710141611184617
BTN,South Asia,10,1.051815136618912,0.5352176895851892,1.5670504801462601
MMR,East Asia & Pacific,12,1.0526396974046277,0.5222754287634599,1.5854302818688573
URY,Latin America & Caribbean,12,1.0535638724344827,0.49975509964583575,1.640900008467116
BIH,Europe & Central Asia,6,1.0546007269793838,0.5368789106866183,1.6385786259619395
FSM,East Asia & Pacific,10,1.0547577865861848,0.5533777482311037,1.5743990696293686
ECU,Latin America & Caribbean,12,1.0555554440691515,0.5325263670305506,1.5538335190172285
TTO,Latin America & Caribbean,12,1.0586536057888343,0.5094413568360663,1.6210667874891749
BRB,Latin America & Caribbean,12,1.0606080633282258,0.5013356354823623,1.6285701910968693
SYR,Middle East & North Africa,12,1.061049619729091,0.5507607111707825,1.5206526256787718
CUB,Latin America & Caribbean,10,1.0621894017170943,0.5111762371166846,1.6802866175179607
GIN,Sub-Saharan Africa,10,1.0633834450209785,0.5191193865681263,1.5602188447965684
BHS,Latin America & Caribbean,12,1.0637130698425927,0.5913490797124255,1.5744485463794176
VIR,Latin America & Caribbean,3,1.0640306038343017,0.52117654950045,1.6395159915812243
ASM,East Asia & Pacific,3,1.0674994194666423,0.5395263748385644,1.620964238160337
COL,Latin America & Caribbean,12,1.076332729417912,0.5784761401418161,1.5872599664125324
SUR,Latin America & Caribbean,12,1.0791582467372192,0.5570101939229531,1.5997354729451587
BLZ,Latin America & Caribbean,12,1.081624673512421,0.6091416063893016,1.6008044946880098
MAC,East Asia & Pacific,7,1.0852520683808564,0.5975777917792148,1.5851826658954564
CRI,Latin America & Caribbean,12,1.0882563208279346,0.6220200921196206,1.613526279402196
GNQ,Sub-Saharan Africa,8,1.0902483476139944,0.6533639216671401,1.5034877475322042
BMU,North America,12,1.0933684621954904,0.4830363310988105,1.7167081022870558
GUY,Latin America & Caribbean,12,1.094116772562174,0.5427831164448997,1.6526506925177236
LSO,Sub-Saharan Africa,12,1.094426184198445,0.5906801496744806,1.600270594302039
CHL,Latin America & Caribbean,12,1.095418652316424,0.5588897049081264,1.645981198574261
MOZ,Sub-Saharan Africa,8,1.1002220420748612,0.6205172233103239,1.6357287952863795
BFA,Sub-Saharan Africa,12,1.1033626650941268,0.6310598610158663,1.6470766928438076
IDN,East Asia & Pacific,12,1.106152009733615,0.602001755305774,1.6175817814739522
MEX,Latin America & Caribbean,12,1.1064256529893877,0.6095280225331269,1.6366157521029672
ETH,Sub-Saharan Africa,11,1.1085302191309105,0.6196372358033566,1.5650790881258223
LCA,Latin America & Caribbean,8,1.1105984344200666,0.5708177638097434,1.700831513292994
TLS,East Asia & Pacific,6,1.1132491846653103,0.5861433342186507,1.675981413185041
MUS,Sub-Saharan Africa,12,1.114299615979826,0.5707189527658173,1.676236792589552
MNP,East Asia & Pacific,3,1.125752093143606,0.5884064398484947,1.7232677925146958
PRY,Latin America & Caribbean,12,1.127796006579271,0.6140713506563097,1.6295968481506913
JPN,East Asia & Pacific,12,1.130066406624457,0.6076548369828816,1.7522235309926226
LAO,East Asia & Pacific,7,1.1308237851079472,0.6128660300660896,1.6670205681071968
BRA,Latin America & Caribbean,12,1.1328251021084312,0.6063907562549784,1.6474883174829724
VNM,East Asia & Pacific,7,1.1457925487101541,0.6305656392448762,1.728803692718437
DOM,Latin America & Caribbean,12,1.1475025457144086,0.684417814757748,1.6899791933104809
SYC,Sub-Saharan Africa,12,1.1480211566926701,0.6025211409585273,1.7037679796757799
UGA,Sub-Saharan Africa,7,1.1557229308879247,0.6452072246571169,1.6260611418578808
PAN,Latin America & Caribbean,12,1.1614372270655886,0.6574264731371383,1.6618889139439925
HKG,East Asia & Pacific,11,1.1650468737870376,0.6445584337465878,1.743169937860265
MYS,East Asia & Pacific,12,1.1761821788586428,0.7098181904919516,1.7110573595253593
PRI,Latin America & Caribbean,12,1.1808527224578216,0.6420669202660854,1.7495832975946632
LBR,Sub-Saharan Africa,12,1.1822384610075451,0.6937026278050155,1.653527627655853
SWZ,Sub-Saharan Africa,10,1.1929290621683595,0.7196405142048116,1.7491029103583864
CHN,East Asia & Pacific,12,1.1930559701255852,0.666162491911251,1.7659095129319153
RWA,Sub-Saharan Africa,12,1.1965513857094825,0.7436659627640463,1.6955684360795178
THA,East Asia & Pacific,12,1.2047562260660472,0.7005085833680225,1.7683076433815326
CPV,Sub-Saharan Africa,8,1.2225407258226588,0.674637281347534,1.8345460890026233
SGP,East Asia & Pacific,12,1.2304566832163228,0.71268948264669,1.7749621086258727
HND,Latin America & Caribbean,12,1.2601634190867927,0.7687167592167943,1.7768439260552995
KOR,East Asia & Pacific,12,1.280680843064486,0.7416853139914359,1.8824544294556782
BWA,Sub-Saharan Africa,12,1.357807957759716,0.8479360014476838,1.9191531381805547
