ISO3,Country,Region,GDP_2024,GDPpc_2024,Pop_2024,GDP_2050,GDPpc_2050,Pop_2050,GDP_2075,GDPpc_2075,Pop_2075,GDP_2100,GDPpc_2100,Pop_2100,g_agg,g_pc,g_pop,identity_residual,GDP_2100_lo,GDP_2100_hi,beta_expansion,beta_contraction,alpha_decadal,rank_agg_2024,rank_pc_2024,rank_agg_2050,rank_pc_2050,rank_agg_2075,rank_pc_2075,rank_agg_2100,rank_pc_2100
USA,United States,North America,22407441124938.156,64868.89835969844,345426571.0,37292099453208.94,97918.87100569869,380846910.0,57992419679235.82,143933.87162893635,402910163.0,88411243176729.6,209863.92977486606,421278889.0,0.018060605921561505,0.015448566874315912,0.0026120390472455907,2.168404344971009e-18,24992366227144.375,322769244166342.1,0.9800000000000003,1.22,0.20308346950776485,1,6,1,6,1,8,1,9
CHN,China,East Asia & Pacific,18117493111934.734,12764.899246395104,1419321278.0,26961738896287.414,21393.297018946283,1260289093.0,34144760977000.715,36539.30358200336,934466660.0,40067447788606.79,63260.91725524993,633368113.0,0.010443240618238828,0.02106011262940273,-0.010616872011163906,3.469446951953614e-18,9685534900172.967,127443219324934.67,0.9800000000000003,1.22,0.2907919427979017,2,61,2,57,2,54,2,49
IND,India,South Asia,3357071373677.7056,2313.7284189288466,1450935791.0,7787599389308.6875,4636.609425536156,1679589259.0,13749810598404.447,8229.180220854494,1670860308.0,22148617116596.246,14714.227673038575,1505251761.0,0.024825080038971024,0.024341508382460502,0.00048357165651052484,-3.198396408832238e-18,5272788100006.6,90096143780115.19,0.9800000000000003,1.22,0.2788064973401978,6,127,3,124,3,121,3,114
GBR,United Kingdom,Europe & Central Asia,3358320134230.5713,48574.02308452861,69138192.0,5945369869198.344,78741.73879627866,75504681.0,9729566877336.62,127943.9665867626,76045531.0,15156075976777.1,203970.01742951263,74305411.0,0.01982842917400323,0.01888005429057059,0.0009483748834326445,-3.144186300207963e-18,4353290963235.763,50474353203335.305,0.9800000000000003,1.22,0.22596089457647617,5,14,5,14,4,12,4,10
JPN,Japan,East Asia & Pacific,4722979230328.149,38164.550884274024,123753041.0,6374487136222.336,60638.271449930115,105123167.0,9261828405476.824,106027.7807717544,87352846.0,13862200374938.322,180389.38082947079,76845989.0,0.01416744664508629,0.020436982156200413,-0.006269535511114123,0.0,3855690236904.925,42167982919832.87,0.9800000000000003,1.22,0.26229392464775425,3,25,4,24,5,24,5,20
FRA,France,Europe & Central Asia,2750708953977.2734,41333.8800117339,66548530.0,4549928225628.52,66695.24921701135,68219675.0,7452961026328.319,109889.59843624676,67822261.0,12525590931722.938,182896.572563452,68484558.0,0.019946251922839213,0.019568925169471858,0.00037732675336735666,-1.3010426069826053e-18,3385812150391.132,38349142401019.67,0.9800000000000003,1.22,0.2289574190002998,7,23,7,23,7,22,6,19
DEU,Germany,Europe & Central Asia,3780554737669.55,44712.64922424588,84552242.0,5260198622987.873,67184.68131374342,78294613.0,8208445189424.607,112693.82447069151,72838465.0,12460725654208.977,175751.05404941298,70899863.0,0.01569356573030179,0.018010685343588028,-0.002317119613286237,0.0,3448332558822.498,40296166636568.695,0.9800000000000003,1.22,0.2277316061080636,4,21,6,21,6,21,7,21
AUS,Australia,East Asia & Pacific,1691728150227.4258,63329.28415843123,26713205.0,3375308820503.0146,103833.39094158592,32506969.0,6296270494876.833,167189.05678001585,37659585.0,11255707375215.574,260888.87342876656,43143685.0,0.024935851864290638,0.01862824601637399,0.006307605847916645,2.6020852139652106e-18,3548426692426.527,35768141987643.3,0.9800000000000003,1.22,0.25156210193022643,12,7,8,5,8,5,8,4
CAN,Canada,North America,1842174660226.0637,46352.84405674398,39742430.0,3207234739575.5264,70300.3602432606,45621882.0,5431297570485.404,109366.29781345243,49661529.0,9118926008335.918,170090.39407564918,53612234.0,0.02104480632368855,0.017105886513313878,0.003938919810374673,0.0,1913542931371.691,29869245930153.92,0.9800000000000003,1.22,0.19938589879725965,11,16,9,20,9,23,9,23
IDN,Indonesia,East Asia & Pacific,1209995527936.7083,4268.243532161898,283487931.0,2560982820383.8,7985.280383498952,320712949.0,4607856317378.766,14504.434780699456,317686031.0,7299935756854.754,24702.74964379338,295511061.0,0.02364801163161871,0.02310147588445229,0.0005465357471664174,2.3852447794681098e-18,1790026570191.7947,27466065757513.082,0.9800000000000003,1.22,0.2608247863715061,16,106,11,102,10,87,10,79
SAU,Saudi Arabia,Middle East & North Africa,882049258123.073,25971.073494506734,33962757.0,1955370470096.9229,40998.32599375733,47693910.0,3718998462924.765,62256.96025946524,59736268.0,6726397389021.441,94729.06551511472,71006690.0,0.026730882505450942,0.017026809399385272,0.009704073106065669,1.734723475976807e-18,1433822879383.6145,22378979407500.074,0.9800000000000003,1.22,0.2075287120628472,18,34,16,31,12,32,11,34
PAK,Pakistan,South Asia,409515052040.8539,1629.7863435437462,251269164.0,1308863814073.351,3519.7398582801825,371863793.0,3184580447068.466,6823.639757940673,466698208.0,6271266599187.49,12272.522533793668,511000618.0,0.03590473635430892,0.026564656505559846,0.009340079848749076,0.0,1378263030617.0457,24973936682869.6,0.9800000000000003,1.22,0.2751378034548318,34,138,19,132,14,126,12,121
RUS,Russian Federation,Europe & Central Asia,1580293378849.8423,10912.089235161551,144820423.0,2366704015332.4365,17385.26240526895,136132775.0,3887161883426.984,30237.566309959795,128554059.0,6218360641834.353,49201.14018362127,126386515.0,0.01802494469721118,0.0198163884068004,-0.001791443709589219,-1.951563910473908e-18,1550076133540.3608,20612161851731.91,0.9800000000000003,1.22,0.2224143042481382,13,67,14,66,11,60,13,57
ITA,Italy,Europe & Central Asia,2065819238301.8225,34811.58465602652,59342867.0,2528654611115.8193,48730.026147949175,51891099.0,3515264817163.641,84416.90377857476,41641717.0,4736497345349.824,133887.02578306355,35376821.0,0.010918039902086372,0.017724291176051333,-0.00680625127396496,-8.673617379884035e-19,1238536381721.6975,14755888986544.99,0.9800000000000003,1.22,0.22571379021565552,8,28,12,28,13,28,14,27
ESP,Spain,Europe & Central Asia,1412924704033.5063,29490.903607142747,47910526.0,1833889240094.6257,40817.89671715317,44928558.0,2668245338625.6406,70879.85472734035,37644622.0,3831516651612.2637,115659.77499440988,33127478.000000004,0.013126301356968762,0.017981197945099787,-0.004854896588131024,-1.734723475976807e-18,920298166843.107,13216489740567.127,0.9800000000000003,1.22,0.23208998360197328,14,31,17,32,18,30,15,29
ISR,Israel,Middle East & North Africa,422894187122.11914,45050.94716653123,9387021.0,1003087755014.8748,76614.14906807574,13092722.0,2070717227318.9966,124230.74721823992,16668314.999999998,3683143887904.909,186516.2519499079,19747040.0,0.028478947167113907,0.01869374169068695,0.009785205476426955,3.469446951953614e-18,1047336301936.6125,11747367838706.113,0.9800000000000003,1.22,0.22005074566032554,32,20,23,15,21,15,16,18
NGA,Nigeria,Sub-Saharan Africa,526843403945.6085,2264.245254777512,232679478.0,1282333430960.4258,3570.114136105255,359185556.0,2460239532731.958,5504.265997646865,446969593.0,3586553487240.592,7522.957903899697,476747781.0,0.025237416194424996,0.015798919952016387,0.00943849624240861,-1.734723475976807e-18,744534856162.5538,16583468206238.643,0.9800000000000003,1.22,0.13488156826199799,24,129,20,131,19,133,17,135
NLD,Netherlands,Europe & Central Asia,932026913987.8931,51129.52468074281,18228742.0,1528409062545.0276,80618.77669723053,18958475.0,2360324288861.421,128337.5222452273,18391537.0,3537547086891.684,202058.7433862232,17507518.0,0.017550357377723085,0.018081530936940968,-0.0005311735592178839,7.589415207398531e-19,1008495117665.9069,11080101204520.996,0.9800000000000003,1.22,0.22770696265015725,17,13,18,13,20,11,18,12
KOR,"Korea, Rep.",East Asia & Pacific,1932745548315.1235,37371.144871892204,51717590.0,2471767232378.4443,54754.00162466444,45143134.0,2944518374641.497,92088.62403257891,31974833.0,3528549963889.786,161498.63687605353,21848791.0,0.007920334941141421,0.019257866093166737,-0.011337531152025314,-1.734723475976807e-18,1024996851574.9423,9509941693549.508,0.9800000000000003,1.22,0.2834336694757407,10,26,13,27,15,25,19,25
ARE,United Arab Emirates,Middle East & North Africa,448748613358.5682,40694.96360825816,11027129.0,920499691215.2666,59899.53866051355,15367392.0,1785373443790.4407,87200.75852163654,20474288.0,3467376993890.9287,132675.33955630218,26134299.0,0.02690382668114156,0.015550009835483991,0.01135381684565757,-1.734723475976807e-18,808599999261.5828,10761967549121.2,0.9800000000000003,1.22,0.20838901975429489,28,24,26,25,22,27,20,28
BRA,Brazil,Latin America & Caribbean,1991068635861.1792,9391.896406119578,211998573.0,2699140574120.7734,12410.452314349375,217489299.0,2897032739227.4956,14864.512750562573,194895910.0,3244493626917.7393,19860.510001255472,163364064.0,0.00642483938496555,0.009853764540746605,-0.0034289251557810554,4.336808689942018e-19,726650105804.54,12991140685937.535,0.9800000000000003,1.22,0.15307767038669567,9,71,10,74,16,86,21,94
MEX,Mexico,Latin America & Caribbean,1351001972185.5928,10323.946018431547,130861007.0,2155935848997.6143,14474.587319972934,148946274.0,2723212465516.235,18625.127234241485,146211751.0,3112343333387.745,23895.36389705429,130248836.0,0.010980650093362802,0.011042347471330403,-6.169737796760202e-05,9.0801931945661e-19,770832556107.3473,13494109972215.559,0.9800000000000003,1.22,0.1488050560450499,15,68,15,68,17,70,22,83
MYS,Malaysia,East Asia & Pacific,412767397953.5922,11608.391751439758,35557673.0,963935582813.4492,21764.293182937345,44289772.0,1722333534282.7217,37158.351153253665,46351183.0,2713081726586.594,61624.36306760323,44026122.0,0.02477573951377271,0.02196485570103883,0.002810883812733879,1.3010426069826053e-18,723497909171.482,8217995823027.432,0.9800000000000003,1.22,0.2632626110949559,33,64,25,55,25,53,23,51
SWE,Sweden,Europe & Central Asia,581372334803.1775,54810.25639798566,10606999.0,1014788549443.4846,89727.8292431746,11309630.0,1643736403390.4414,143905.6768854134,11422318.0,2524576035147.6514,222098.9824440772,11366896.0,0.01932153970400708,0.01841112911025782,0.0009104105937492638,-1.8431436932253575e-18,681184564328.0717,8589557378957.916,0.9800000000000003,1.22,0.22655972643067465,22,12,22,9,26,9,24,8
CHE,Switzerland,Europe & Central Asia,818705075197.716,91762.70104113828,8921981.0,1167935710218.6035,125012.03737579762,9342586.0,1748687354374.6724,191269.43956398437,9142534.0,2492115235395.579,273074.67265104776,9126131.0,0.014646884283088687,0.014349202311285815,0.00029768197180287233,-4.87890977618477e-19,696710650156.2249,9458643684765.273,0.9800000000000003,1.22,0.22066567436967763,19,3,21,3,23,3,25,3
PHL,Philippines,East Asia & Pacific,441218237452.0684,3808.7384269858544,115843670.0,992153193814.4631,7383.551401214515,134373439.0,1735169858090.5488,13230.719397793475,131147053.0,2463986281666.8174,21571.92348857361,114221909.0,0.022631528086676626,0.022817034445994467,-0.00018550635931784172,4.0657581468206416e-19,584959164958.8071,8869159363713.451,0.9800000000000003,1.22,0.25121050021342073,30,113,24,105,24,94,26,89
IRQ,Iraq,Middle East & North Africa,199793108942.4089,4339.365011336035,46042015.0,582796134418.9459,8102.408764491888,71928750.0,1303333131011.3345,14302.835075245173,91124111.0,2424488268206.4336,24088.53460291206,100649056.0,0.03284333397159273,0.02255273628975846,0.01029059768183427,1.734723475976807e-18,539181428540.5632,9569760633413.205,0.9800000000000003,1.22,0.22035769391461654,52,105,39,100,29,89,27,81
BEL,Belgium,Europe & Central Asia,540662808289.65234,46057.90305926207,11738763.0,860696655930.7502,72504.71496705899,11870906.0,1399055661035.8286,122459.23915450193,11424664.0,2251221366856.1016,203530.63045944594,11060848.0,0.018768846947158985,0.019551541377816718,-0.0007826944306577328,6.505213034913027e-19,625730800755.5457,6300849283143.324,0.9800000000000003,1.22,0.22810874327124797,23,18,28,18,27,17,28,11
BGD,Bangladesh,South Asia,332056505597.59717,1913.1826620983175,173562364.0,789913601254.5557,3678.994566562569,214709097.0,1384798426079.1992,6136.197435156062,225676967.0,2173858677811.183,10421.356595482079,208596516.0,0.024723077736104212,0.0223038032740224,0.0024192744620818133,-4.336808689942018e-19,431047944797.27673,8317842851866.256,0.9800000000000003,1.22,0.26948521799743413,41,135,32,130,28,131,29,125
KAZ,Kazakhstan,Europe & Central Asia,238259133478.12253,11570.14990882501,20592571.0,569218971422.2625,21444.14137751648,26544265.0,1160335482772.025,37654.626374106825,30815217.0,2031137013075.7666,60320.92227930726,33672181.0,0.02819726503565254,0.021726980467819023,0.006470284567833515,8.673617379884035e-19,526749693500.7604,7267217109171.449,0.9800000000000003,1.22,0.23137240713638849,46,65,40,56,32,52,30,52
VNM,Viet Nam,East Asia & Pacific,389206265822.6526,3853.997266782136,100987686.0,773940780946.3467,7035.255553544324,110008908.0,1284464820411.707,12438.346385465771,103266526.0,1956384705063.353,21333.432212558466,91705108.0,0.021246632385761435,0.022515323274243063,-0.0012686908884816316,3.686287386450715e-18,499347122051.2768,7282908272672.53,0.9800000000000003,1.22,0.27198591659428223,36,112,33,108,30,96,31,90
IRL,Ireland,Europe & Central Asia,508869319900.12964,96834.9521800081,5255017.0,799393208441.9004,133900.76794131438,5970042.0,1166410878052.1685,204339.91902723763,5708189.0,1536222210517.4185,290614.3278089446,5286120.0,0.014538030616603654,0.014460382221050169,7.764839555348425e-05,1.1519648082658485e-18,421900965172.9676,5282530836172.2295,0.9800000000000003,1.22,0.24437219297186846,26,2,31,2,31,2,32,2
THA,Thailand,East Asia & Pacific,471882490676.6162,6584.283337744872,71668011.0,682937389362.0427,10287.876649885588,66382735.0,968733857989.1448,17534.44361480845,55247482.0,1433231687000.864,31461.52216006857,45555065.0,0.01461785658281722,0.02057999715402358,-0.005962140571206362,8.673617379884035e-19,346474369441.49664,4804530459235.913,0.9800000000000003,1.22,0.2678274622967556,27,84,35,80,37,75,33,68
QAT,Qatar,Middle East & North Africa,177221108048.98288,58135.34015751189,3048423.0,370548926412.8921,88978.84418004923,4164461.000000001,698515844693.675,125850.63817414145,5550356.0,1414645817464.604,194526.40521244082,7272256.0,0.02733205686940655,0.015892028552920642,0.011440028316485912,-3.469446951953614e-18,314554900791.3911,4542296698947.462,0.9800000000000003,1.22,0.2105624417978428,53,10,49,10,45,14,34,16
IRN,"Iran, Islamic Rep.",Middle East & North Africa,526092441393.7785,5745.390820878184,91567738.0,846427038972.5134,8309.547202483202,101861993.0,1100241014885.2153,11724.570282440522,93840626.0,1400688864701.4426,17498.70413615515,80045291.0,0.012884769729111324,0.014654327524145153,-0.0017695577950338278,-6.505213034913027e-19,314095688609.9953,5893575871012.02,0.9800000000000003,1.22,0.20566192174128003,25,94,29,97,34,103,35,100
AUT,Austria,Europe & Central Asia,434366966300.0587,47623.7114279241,9120813.0,620289249075.81,71098.76711200469,8724332.0,924009412000.2019,116413.45050490694,7937308.0,1395008843044.7026,188531.82924783207,7399328.0,0.015352188316266847,0.01810442199487427,-0.002752233678607425,3.0357660829594124e-18,382290380382.16565,4206444219948.8345,0.9800000000000003,1.22,0.2284032889825868,31,15,37,19,39,19,36,17
DNK,Denmark,Europe & Central Asia,359061811347.71497,60069.77791521062,5977412.0,584296842756.0874,95397.92607675295,6124838.0,899930086829.0354,149364.94829895548,6025042.0,1389596078516.9019,237002.3684129839,5863216.0,0.01780623477337255,0.018060043192546914,-0.0002538084191743623,-8.131516293641283e-19,410058866295.84235,4280016853190.526,0.9800000000000003,1.22,0.22472466254329812,39,9,38,8,40,6,37,6
UZB,Uzbekistan,Europe & Central Asia,135919481321.57135,3737.9684388955843,36361859.0,355933945854.58875,6817.253377289579,52210755.0,719462734852.1638,11054.176827748226,65085148.0,1337461891443.342,17988.726314723746,74350005.0,0.030085083219549415,0.020673723422962708,0.009411359796586707,0.0,354424994008.3589,5065160151982.591,0.9800000000000003,1.22,0.22874727090726746,55,115,50,111,44,107,38,97
ZAF,South Africa,Sub-Saharan Africa,368733201858.9377,5760.809358157509,64007187.0,652588134572.2849,8242.10858154098,79177328.0,942651484427.2878,10672.756988915802,88323147.0,1329807995052.5137,14099.727276700105,94314448.0,0.016877848603111832,0.011777335219912505,0.005100513383199327,0.0,293997627160.58466,5825763862017.63,0.9800000000000003,1.22,0.13122439910437225,37,93,36,99,38,109,39,115
AGO,Angola,Sub-Saharan Africa,104638490374.21423,2761.9412824618034,37885849.0,320252483456.4652,4310.529444886788,74295394.0,736794540645.1011,6394.629081427214,115220841.0,1326132585015.2742,8838.198619675873,150045574.0,0.033414614390706324,0.015304595843865045,0.018110018546841276,3.469446951953614e-18,280548638138.91595,5936095037678.742,0.9800000000000003,1.22,0.13440088640135084,61,122,52,126,42,129,40,131
NOR,Norway,Europe & Central Asia,444825110453.07306,79765.50667479692,5576660.0,686226699241.7854,116312.98114602735,5899829.0,988872322851.9362,172952.97937325152,5717579.0,1319368857628.2231,243712.95825235973,5413618.0,0.014305625899681693,0.014696052215246608,-0.0003904263155649124,-3.0899761915836876e-18,324666769074.75696,5212421613725.122,0.9800000000000003,1.22,0.23000930590530408,29,4,34,4,36,4,41,5
POL,Poland,Europe & Central Asia,653823370851.1653,16965.151167798347,38539201.0,820429829523.5447,25002.359642135034,32814096.0,995571330790.9055,38990.53629004568,25533666.0,1262970624217.1738,65337.876027688275,19329839.0,0.008662955572570737,0.01774224461073772,-0.009079289038166983,-1.734723475976807e-18,291922737721.59674,4144519562176.6294,0.9800000000000003,1.22,0.2372599208103195,20,51,30,52,35,50,42,48
ARG,Argentina,Latin America & Caribbean,600283645369.5046,13136.413617816426,45696159.0,907278176381.114,18780.74951050708,48308944.0,1143268004412.8228,25341.126294922193,45115122.0,1211443908357.6074,31666.77710752244,38255990.0,0.009239025711317437,0.011577369091696946,-0.0023383433803795097,8.673617379884035e-19,296141984464.59546,4982343885019.048,0.9800000000000003,1.22,0.14529452170516924,21,60,27,65,33,65,43,67
DZA,Algeria,Middle East & North Africa,219601827982.43463,4690.912615485732,46814308.0,461647247348.2848,7750.238457419279,59565554.0,800170105835.6531,12436.171217625028,64342159.0,1152606286985.0283,17873.32125458972,64487527.0,0.021815328419110797,0.017601079174874388,0.004214249244236407,1.734723475976807e-18,239257607438.62906,4564150626101.141,0.9800000000000003,1.22,0.20511337849792102,51,101,43,104,41,97,44,99
NZL,New Zealand,East Asia & Pacific,226942506516.8489,43526.07287628116,5213944.0,426523321201.62524,74109.81365339585,5755288.0,719561846665.1543,122667.53063529232,5865952.0,1135773478592.7043,195408.84786653123,5812293.0,0.021189111402695294,0.019759656373261086,0.0014294550294342073,8.673617379884035e-19,306100906798.2339,3513723517996.905,0.9800000000000003,1.22,0.24560931179582002,47,22,44,17,43,16,45,14
ETH,Ethiopia,Sub-Saharan Africa,109994665124.8636,832.9157897489218,132059767.0,299749191716.2036,1332.0891211852343,225021875.0,565029540398.643,1828.2324660111915,309057820.0,908228695106.1326,2472.7863380756708,367289596.0,0.02777716247360136,0.014318004231631253,0.013459158241970108,0.0,222708229165.11725,3920747260086.8994,0.9800000000000003,1.22,0.14507925467414262,59,161,55,160,49,163,46,164
FIN,Finland,Europe & Central Asia,259174999923.78067,46138.63217870843,5617310.0,408536257168.3021,76338.44493950965,5351645.0,628156225567.5652,125908.41990910094,4988993.0,898553702294.5337,195292.8440142536,4601058.0,0.016358986373069786,0.018984863012297314,-0.002625876639227528,4.336808689942018e-19,253780618868.67822,2560411544389.4478,0.9800000000000003,1.22,0.23084013202902107,43,17,45,16,48,13,47,15
PRT,Portugal,Europe & Central Asia,242681461038.05328,23278.14521051816,10425292.0,320942113211.90985,32848.84454196919,9770271.0,505703702511.1765,56552.973601258105,8942124.0,869166098464.9231,99288.02709724416,8753987.0,0.01678663843406029,0.01908565847554373,-0.0022990200414834392,-1.3010426069826053e-18,201622961659.54285,2746974296252.4907,0.9800000000000003,1.22,0.23194436968630214,44,38,51,40,51,34,48,32
TZA,Tanzania,Sub-Saharan Africa,71511273169.94342,1043.0441862894716,68560157.0,206722690052.58698,1594.822809426408,129621102.0,466020523098.19824,2344.0150480054176,198812940.0,858902109366.8364,3267.8411212148653,262834721.00000003,0.03270789279839724,0.01502613183637033,0.017681760962026907,0.0,172215137731.33466,3858698146974.4565,0.9800000000000003,1.22,0.1311741746338882,75,154,62,154,53,156,49,152
KWT,Kuwait,Middle East & North Africa,122336288131.5622,24791.998092527218,4934507.0,228278059295.8385,35849.0588043635,6367756.0,450043570796.18066,57538.12948561298,7821658.0,813077015014.6111,84677.75770943586,9602014.0,0.02492173844365483,0.016162263457800863,0.00875947498585396,6.938893903907228e-18,167624842812.9265,3038520437806.8325,0.9800000000000003,1.22,0.19223829023049518,57,36,59,38,54,33,50,37
OMN,Oman,Middle East & North Africa,92118028645.11627,17441.51583215273,5281538.0,222730463465.46832,28456.6764471848,7827002.0,405323719474.2406,40405.63563070479,10031366.0,762755763333.8777,63063.74663818638,12094996.0,0.027814042167047772,0.01691174650697035,0.010902295660077421,1.734723475976807e-18,178039884520.69733,2413737540916.6343,0.9800000000000003,1.22,0.2181683695639723,65,50,61,46,60,49,51,50
CIV,Cote d'Ivoire,Sub-Saharan Africa,73123806476.2682,2289.8252588607334,31934230.0,195726641953.2654,3510.981660322355,55746985.0,417605253445.13226,5140.665771917294,81235636.0,762390961259.262,7327.6653649615355,104042819.0,0.030846125169761842,0.015305019112986951,0.015541106056774895,-3.469446951953614e-18,166216605884.88754,3554660593092.3213,0.9800000000000003,1.22,0.13403816483658057,72,128,63,133,57,136,52,137
CZE,Czechia,Europe & Central Asia,225330528197.14905,20988.58863525956,10735859.0,310017578404.4408,31552.208199021752,9825543.0,485226138696.6022,55286.439850648305,8776585.0,751490826189.7354,91332.50910537718,8228075.999999999,0.015848561359447594,0.019349051336545853,-0.0035004899770982568,-2.168404344971009e-18,184032167012.50742,2374051982821.3237,0.9800000000000003,1.22,0.22688968748253563,49,43,53,42,52,37,53,35
COL,Colombia,Latin America & Caribbean,362726068816.8113,6858.593562518399,52886363.0,542966079102.3213,9143.09699447157,59385357.0,657614833660.0845,11779.303633166592,55827989.0,717652758393.6414,15243.0142890978,47080764.0,0.008978130403011679,0.010508143658188336,-0.0015300132551766571,-6.505213034913027e-19,165384574960.61078,3178039700869.5015,0.9800000000000003,1.22,0.15306408499203353,38,79,41,92,46,101,54,112
SGP,Singapore,East Asia & Pacific,402384906082.25574,68991.46200042208,5832387.0,517089347854.18274,85023.94282349806,6081691.0,641704787538.6195,117829.98116949185,5446023.0,693636848525.8027,166618.98849337996,4163012.0,0.0071649926603690565,0.011601670289107687,-0.0044366776287386315,8.673617379884035e-19,190899808079.76453,2424374733686.71,0.9800000000000003,1.22,0.27549763901318264,35,5,42,12,47,18,55,24
COD,"Congo, Dem. Rep.",Sub-Saharan Africa,57764649697.7874,528.6111279314625,109276265.0,179350650641.5231,821.7818034384743,218246072.0,416154134171.5791,1234.3330440020338,337148986.0,676311532411.9819,1570.2268437878856,430709445.0,0.032372063486795354,0.014325293693951358,0.01804676979284399,6.938893903907228e-18,135328396126.24712,3222732808418.021,0.9800000000000003,1.22,0.1177854326220299,83,170,65,171,58,171,56,172
PER,Peru,Latin America & Caribbean,225673750818.3434,6595.205835806606,34217848.0,381315247491.979,9395.73261784998,40583876.0,513705978671.32446,12408.253870337996,41400344.0,599288228979.9634,15703.252355487304,38163319.0,0.01285068802807011,0.011414800667507075,0.001435887360563034,6.505213034913027e-19,146984299713.1702,2587595598384.846,0.9800000000000003,1.22,0.1500686444065562,48,82,48,89,50,98,57,110
ROU,Romania,Europe & Central Asia,240687526848.85406,12657.713014467989,19015088.0,307353212267.21277,19176.895938908903,16027266.0,411151308509.01685,31718.201361067688,12962630.0,565591506287.1067,52524.311783936355,10768185.0,0.011241744396987876,0.018723807765476424,-0.007482063368488548,0.0,134490902804.54062,1927659488785.4377,0.9800000000000003,1.22,0.23102088382101532,45,62,54,62,59,59,58,55
HUN,Hungary,Europe & Central Asia,160822085387.33902,16620.487972453775,9676135.0,230138716720.34875,26375.88129393006,8725347.0,341838519778.1721,43288.024875041396,7896838.0,541054259041.7643,72520.15771643177,7460743.0,0.01596343254664385,0.019384584356977957,-0.0034211518103341013,-4.7704895589362195e-18,131347168875.82365,1843767781398.0378,0.9800000000000003,1.22,0.23869217336946708,54,54,58,49,64,45,59,44
KEN,Kenya,Sub-Saharan Africa,101581493378.56432,1800.038881164242,56432944.0,228209976939.64703,2730.00519742568,83593239.0,391764481720.4834,3915.1931232710417,100062620.0,532884915354.79333,5114.279554825241,104195500.0,0.021808475202976116,0.013739845719357985,0.008068629483618129,1.734723475976807e-18,122783144905.24527,2365674253286.9233,0.9800000000000003,1.22,0.13584030406194136,62,136,60,139,61,140,60,141
GRC,Greece,Europe & Central Asia,224111909946.42966,22304.537388213743,10047817.0,268809975964.37268,30504.751604234225,8812069.0,362537239652.49493,49862.900002419985,7270681.0,525551402283.1254,83745.51093598652,6275577.0,0.011214506268596682,0.017407795268578722,-0.006193288999982038,-1.734723475976807e-18,141290646277.75912,1693898521334.3303,0.9800000000000003,1.22,0.22839934485425503,50,40,56,44,63,42,61,38
MAR,Morocco,Middle East & North Africa,133821663983.33578,3514.1161219833166,38081173.0,256170546425.5444,5897.053517391308,43440431.0,385340317748.64465,9064.713702017052,42509927.0,499606276994.17847,13187.66227323243,37884370.0,0.017333056505863,0.017401232651230152,-6.81761453671487e-05,-3.2932640989247197e-18,107393445814.03108,1973412308376.3171,0.9800000000000003,1.22,0.21436523287027068,56,117,57,118,62,116,62,117
LKA,Sri Lanka,South Asia,89841852087.30634,3888.65753347184,23103565.0,176935086846.1537,7130.5431334941995,24813690.0,297752993995.27026,12493.06674265243,23833459.0,464046493882.50037,21838.09250397401,21249406.0,0.021604392420054932,0.022705155480397334,-0.0011007630603424015,-8.673617379884035e-19,102810827657.8424,1638605862407.0364,0.9800000000000003,1.22,0.28211101231322494,66,111,66,106,65,95,63,86
GHA,Ghana,Sub-Saharan Africa,71641064559.57791,2080.9307536017054,34427414.0,159236575069.4594,3149.8907488100454,50553047.0,276400408978.7811,4461.535350840419,61951859.0,434655772028.60815,6434.793131788708,67547746.0,0.023722183581868006,0.014854005550803975,0.00886817803106403,0.0,86953061737.39014,2067118533722.2805,0.9800000000000003,1.22,0.13523534999086276,74,132,69,136,66,138,64,140
CHL,Chile,Latin America & Caribbean,285164628740.60034,14427.924752611621,19764771.0,389016094180.4002,19144.20453020738,20320306.0,428833869033.8285,24435.805350553088,17549406.0,430258667752.49146,32035.661488087477,13430616.0,0.0054121042439463606,0.010495844159739033,-0.005083739915792673,0.0,98696183392.09924,1765216381885.3508,0.9800000000000003,1.22,0.15804557663352323,42,59,47,63,56,66,65,66
TKM,Turkmenistan,Europe & Central Asia,59395060761.00869,7925.15532875033,7494498.0,143834934255.14746,14921.088300096586,9639708.0,265681193012.38702,25867.903605336218,10270689.0,424323981902.45703,42660.21225573377,9946598.0,0.02587218685487742,0.022147694330768807,0.0037244925241086122,1.3010426069826053e-18,120162895148.26427,1538336161956.621,0.9800000000000003,1.22,0.2322134220744165,81,74,70,67,68,63,66,60
UGA,Uganda,Sub-Saharan Africa,47175523656.87273,943.2257698710766,50015092.0,133230748312.46048,1559.5092330839555,85431202.0,264413940231.58707,2372.0484387983893,111470717.0,412533388418.2189,3414.016906748647,120835192.0,0.028532130955544605,0.01692551559115428,0.011606615364390324,0.0,91138449745.93123,1676955884082.9136,0.9800000000000003,1.22,0.14641707678018168,88,158,74,157,69,154,67,151
AFG,Afghanistan,South Asia,16101460730.508835,377.5476581485456,42647492.0,68560158705.4602,891.7219005398143,76885135.0,183997453572.54083,1682.6028914937826,109352869.0,404970776429.08624,3109.9747969351793,130216739.0,0.04243295935605291,0.027745698602491268,0.014687260753561642,-1.734723475976807e-18,84260185811.1234,1510230904008.8657,0.9800000000000003,1.22,0.2754349675767478,124,174,99,169,77,165,68,158
CMR,Cameroon,Sub-Saharan Africa,42224333289.570175,1449.825039307109,29123744.0,115310487421.07938,2256.7279637998054,51096317.0,235479020094.11435,3247.3783508723386,72513577.0,402567298310.9145,4529.554790179677,88875688.0,0.029669284349431255,0.014989220628239848,0.014680063721191409,-1.734723475976807e-18,88093222774.0792,2097391858260.458,0.9800000000000003,1.22,0.13555839579148762,91,140,76,144,72,144,69,144
MMR,Myanmar,East Asia & Pacific,65475231594.317184,1201.3783902547464,54500091.0,137612384974.1053,2347.403585222072,58623232.0,227255316709.72977,4096.10350997541,55480853.0,381529808473.4898,7683.012446262681,49658882.0,0.02319101388246604,0.02441502841740003,-0.001224014534933989,6.505213034913027e-19,96188972837.30545,1391664642942.9368,0.9800000000000003,1.22,0.26822905989039,77,151,72,143,73,139,70,134
JOR,Jordan,Middle East & North Africa,46212626655.76223,4000.0971754359894,11552876.0,114090143318.50519,6970.5917840174525,16367354.0,217118363669.2378,11048.343312006955,19651667.0,356199983567.1501,16705.02367110171,21322926.0,0.026871569207073898,0.018807774185932966,0.00806379502114093,1.734723475976807e-18,68073247350.395966,1578335176417.4685,0.9800000000000003,1.22,0.20335997256200944,89,109,77,110,74,108,71,105
HKG,"Hong Kong SAR, China",East Asia & Pacific,337016280806.055,45451.16882837739,7414909.0,407288038135.2871,66871.37023926256,6090619.0,445093388478.52734,114676.22062129293,3881305.0,354196589016.1178,170263.00119363965,2080291.0,0.0006542217764841186,0.017377707504379777,-0.016723485727895657,0.0,88042509054.11797,939623275897.3356,0.9800000000000003,1.22,0.2677536587862341,40,19,46,22,55,20,72,22
GTM,Guatemala,Latin America & Caribbean,82262291999.23517,4469.232182162435,18406359.0,173962851461.06918,7051.350160274902,24670857.0,268441571839.33612,9890.99744839022,27139990.0,321922467248.26025,12423.639113040328,25912091.0,0.017952604030646524,0.013452426517312415,0.0045001775133341115,-2.6020852139652106e-18,68821946721.05185,1596422993466.413,0.9800000000000003,1.22,0.1513764859749188,68,104,67,107,67,112,73,120
PNG,Papua New Guinea,East Asia & Pacific,26794577091.557068,2533.406327683488,10576502.0,74065477475.81915,4968.639875103505,14906590.0,157010647190.32227,8931.757308772227,17578920.0,311443474437.50073,16707.855981084493,18640541.0,0.03227655709959735,0.024819924408835566,0.007456632690761783,-8.673617379884035e-19,71773475111.70918,1123280172685.624,0.9800000000000003,1.22,0.24841129922093141,106,125,97,122,83,117,74,104
KHM,Cambodia,East Asia & Pacific,37299105345.55235,2114.6054851206923,17638801.0,92952495764.63779,4238.318696349047,21931455.0,174763962283.13123,7477.130036696458,23373134.0,291509408796.7992,12819.87902808484,22738858.0,0.02705398607180854,0.023712220421315672,0.003341765650492869,-8.673617379884035e-19,65809268341.43233,1015639425559.1122,0.9800000000000003,1.22,0.2670358759589841,96,131,82,127,80,124,75,118
ECU,Ecuador,Latin America & Caribbean,112700914968.792,6214.388998668356,18135478.0,190504146709.00018,8928.248147077345,21337237.0,261759192868.02313,12229.291554713896,21404281.0,287356967954.4469,15051.046241257833,19092159.0,0.012315627553146118,0.011639211803863396,0.0006764157492827223,0.0,64892696883.998886,1204010106919.0403,0.9800000000000003,1.22,0.14857999166642485,58,88,64,93,70,100,76,113
DOM,Dominican Republic,Latin America & Caribbean,101427839930.17854,8875.723825326668,11427557.0,173474532856.03766,13348.00106892309,12996293.0,235712641244.09546,18243.939052574668,12920052.0,279293216781.781,23922.515615262215,11674910.0,0.013327823383717916,0.013046055284153962,0.00028176809956395425,0.0,59429190045.96122,1013451371794.6348,0.9800000000000003,1.22,0.16188813947627076,63,72,68,72,71,73,77,82
SVK,Slovak Republic,Europe & Central Asia,107642687057.82248,19547.37214947128,5506760.0,143163060165.79248,29000.99426268077,4936488.0,203673062819.75586,49789.57341773889,4090677.0,275552938480.567,80401.39240729707,3427216.0,0.012367927307957233,0.018607771500577686,-0.006239844192620449,-3.469446951953614e-18,65141654543.0625,943217852912.2367,0.9800000000000003,1.22,0.23337576986763772,60,45,71,45,76,43,78,42
LBY,Libya,Middle East & North Africa,56863406768.67343,7704.000755542074,7381023.0,112452395448.39034,12143.093831168733,9260605.0,180939496740.0499,18309.65016975988,9882193.0,271774288781.1161,27778.647706145253,9783568.0,0.02058315633799176,0.01687536690644283,0.003707789431548931,4.336808689942018e-19,60911377440.124886,1023300545313.8342,0.9800000000000003,1.22,0.19812098440075068,84,75,78,75,79,72,79,77
SDN,Sudan,Sub-Saharan Africa,34354828101.666832,680.9818489562775,50448963.0,85159987345.12306,999.4554908535791,85206383.0,166141328374.3803,1428.7033036705086,116288195.0,270475566918.54846,1975.8497709984028,136890755.0,0.027150515838181354,0.014016028898890353,0.013134486939291,1.734723475976807e-18,57178458872.52336,1257306107537.0508,0.9800000000000003,1.22,0.12765073575458666,99,165,88,165,81,167,80,167
PAN,Panama,Latin America & Caribbean,76445209781.57703,16929.22295015167,4515577.0,137449552078.20114,24410.826414962517,5630680.0,203747033370.0324,33857.834138903796,6017722.0,262001814351.61285,44370.034439310235,5904927.0,0.01620759416471922,0.012677934793275931,0.0035296593714432907,-2.168404344971009e-18,63488556823.11175,1061590675486.1365,0.9800000000000003,1.22,0.15872554859092994,70,52,73,54,75,55,81,58
MLI,Mali,Sub-Saharan Africa,21503297597.401703,878.4530973857651,24478595.0,66445309089.94505,1439.6411006261235,46154079.0,152092180114.25262,2282.6195847881986,66630542.0,257487865924.06274,3244.7981220071188,79354048.0,0.03266797758384902,0.017192709189667605,0.015475268394181417,-3.469446951953614e-18,58908775161.93143,1126880100350.174,0.9800000000000003,1.22,0.13833004861178883,112,160,101,159,84,157,82,153
BHR,Bahrain,Middle East & North Africa,40794577918.730545,25384.775398093367,1607049.0,85508793163.22946,39967.371825773946,2139465.0,147328942861.43576,56481.5000431045,2608446.0,254180521365.6339,82250.47070019344,3090323.0,0.02407230987090393,0.015468677787992564,0.008603632082911363,1.734723475976807e-18,55724208915.18378,942260357206.7623,0.9800000000000003,1.22,0.20438351752377565,94,35,87,33,86,35,83,39
LUX,Luxembourg,Europe & Central Asia,71886934704.64862,106809.93989125191,673036.0,121155237792.5761,153077.3829164385,791464.0,181517518380.036,229807.9906972018,789866.0,246511253036.40137,329564.9046596898,747990.0,0.01621464618824095,0.014825293703248503,0.0013893524849924472,0.0,68279174408.38305,895921284533.5773,0.9800000000000003,1.22,0.23225459009526975,73,1,75,1,78,1,84,1
ZMB,Zambia,Sub-Saharan Africa,27942770624.37288,1310.9466716409304,21314956.0,75126764477.62204,1972.691358124338,38083385.0,147425341011.21503,2764.432597349009,53329331.0,244265840450.0793,3788.599415150761,64473916.0,0.02852761355228095,0.013963774697453213,0.014563838854827734,3.469446951953614e-18,53970751247.01824,1081938716735.6063,0.9800000000000003,1.22,0.128908684022285,104,147,96,150,85,150,85,150
AZE,Azerbaijan,Europe & Central Asia,58872587431.17792,5695.55931631699,10336577.0,108324946709.94559,9650.395526984514,11224923.0,164154365032.27554,15200.661924903185,10799159.0,242204066559.71716,24168.87860678206,10021320.0,0.018610592728751655,0.01901814465346695,-0.00040755192471529726,8.131516293641283e-19,60191257890.918594,809658724395.7998,0.9800000000000003,1.22,0.22469627354243216,82,95,79,86,82,84,86,80
MOZ,Mozambique,Sub-Saharan Africa,20828555796.139313,601.4292137495764,34631766.0,60576365463.96515,953.4937468584627,63530952.0,134989629617.3999,1517.3291356970974,88965292.0,219605529056.26468,2104.5790467392494,104346534.0,0.03099352588394197,0.01648107766722976,0.01451244821671221,-1.734723475976807e-18,45850069179.60578,994647240440.3512,0.9800000000000003,1.22,0.14468123000352845,115,167,104,166,87,166,87,166
SEN,Senegal,Sub-Saharan Africa,26721705767.88144,1444.2616406911518,18501984.0,68075399199.51915,2241.9068772348264,30364954.0,128938018278.79984,3165.7873032791013,40728579.0,207583490343.57025,4415.337326984035,47014186.0,0.026974439955221138,0.014703763423925487,0.012270676531295648,3.469446951953614e-18,49051183631.51274,899185689253.0522,0.9800000000000003,1.22,0.1309645910043142,107,142,100,145,89,145,88,145
NPL,Nepal,South Asia,34654790040.44239,1168.7540699376957,29651054.0,83498640009.03586,2410.3277792906247,34642027.0,134814709923.60387,3797.2859782207124,35502912.0,205614972765.47235,6459.494700269144,31831433.0,0.02342854472206909,0.022494905408529962,0.0009336393135391279,7.589415207398531e-19,45059665397.07401,772148752326.8169,0.9800000000000003,1.22,0.2684979940554817,97,152,90,142,88,142,89,139
TCD,Chad,Sub-Saharan Africa,16771306600.926609,826.2084327941956,20299123.0,51038949933.28982,1313.484028186594,38857686.0,109062935372.0487,1907.1686324153582,57185785.0,188680955457.65607,2713.014532220904,69546607.0,0.03184721100675626,0.015644323520063792,0.016202887486692467,3.469446951953614e-18,40605760309.030754,980195559459.3414,0.9800000000000003,1.22,0.12805085629389476,122,162,110,162,96,161,90,162
SVN,Slovenia,Europe & Central Asia,55924228181.68803,26395.576234680102,2118697.0,77315818312.30763,39017.78973981904,1981553.0,123637539628.26619,70389.50104571036,1756477.0,182624212355.8882,111899.96535353079,1632031.0,0.015571484879339173,0.019005379953351498,-0.003433895074012327,1.734723475976807e-18,42669662080.64248,544047765876.1754,0.9800000000000003,1.22,0.23122252994058304,85,33,94,34,92,31,91,31
NER,Niger,Sub-Saharan Africa,14770593754.683376,546.4031013837529,27032412.0,43578443556.48358,829.8462592341037,52513876.0,100481143203.315,1315.2683112025945,76395928.0,170722085580.10092,1879.8001576196361,90819274.0,0.032202614579941495,0.016257417983725254,0.015945196596216238,3.469446951953614e-18,36019427022.267975,786458046974.0763,0.9800000000000003,1.22,0.1250947990240788,132,169,115,170,100,168,92,168
PRY,Paraguay,Latin America & Caribbean,44833529352.440674,6470.275566500072,6929153.0,84786873851.99017,9812.768602703532,8640464.0,125456658420.19966,13515.19162869611,9282640.0,169367304023.36758,18718.778727888326,9047989.0,0.01748833513899492,0.013977743828929783,0.003510591310065138,-8.673617379884035e-19,38494306349.59862,667594998857.5499,0.9800000000000003,1.22,0.1570862612504241,90,86,89,85,91,90,93,96
TUN,Tunisia,Middle East & North Africa,49442250681.623184,4027.1900071607397,12277109.0,86029771895.72629,6544.6062461959355,13145141.0,127709829081.86356,10435.632390842744,12237862.0,165035604430.05542,15493.049527170158,10652235.0,0.015859946045238965,0.017727929495985874,-0.001867983450746906,-2.6020852139652106e-18,38932541625.910866,605176916265.5619,0.9800000000000003,1.22,0.21325436615202836,87,108,84,113,90,111,94,111
PSE,West Bank and Gaza,Middle East & North Africa,15232252768.78072,2771.797063272373,5495443.0,43672786178.227295,5167.220705783747,8451891.0,90850619442.5271,8541.59927381643,10636254.0,157012224060.30038,13674.419144603684,11482186.0,0.030696165658863878,0.021000407928176024,0.009695757730687857,-3.469446951953614e-18,32804724342.912186,666077307038.6705,0.9800000000000003,1.22,0.20642312874891644,129,121,114,121,106,118,95,116
BOL,Bolivia,Latin America & Caribbean,38814590086.11011,3126.851295251116,12413315.0,75692485539.13866,4698.431061037043,16110162.0,119381194605.51093,6719.778235212452,17765645.0,156084697161.0917,8788.273681009889,17760564.0,0.01831056028081916,0.0135972601889319,0.004713300091887258,1.734723475976807e-18,36365141449.36548,622776883838.3671,0.9800000000000003,1.22,0.15045009189031527,95,118,95,123,93,127,96,132
MNG,Mongolia,East Asia & Pacific,15920329263.2527,4580.677898471231,3475540.0,39775505389.1597,8836.069586059491,4501493.0,85121974289.12471,16539.00483609428,5146741.0,153906425073.98123,27884.907552251443,5519345.0,0.02985194639177453,0.023766297297030083,0.006085649094744447,0.0,35677384715.6421,549584017820.5677,0.9800000000000003,1.22,0.25807523562239204,125,102,119,94,111,81,97,75
TJK,Tajikistan,Europe & Central Asia,14953807206.16288,1411.9450739451684,10590927.0,40910335458.6913,2626.7271799050854,15574642.0,87160176633.11652,4599.386473541894,18950392.0,150801870664.28784,7464.854148523304,20201583.0,0.030407906978911124,0.021911021762065965,0.008496885216845163,-3.469446951953614e-18,37991050593.07114,547654519840.0818,0.9800000000000003,1.22,0.2264642422052205,130,143,117,140,108,137,98,136
BEN,Benin,Sub-Saharan Africa,18076531264.868267,1249.8704438298253,14462724.0,46809439853.23135,1915.765153653749,24433809.0,96722414514.56691,2883.0674247317284,33548440.000000004,150628562171.53958,3804.946092458612,39587568.0,0.027897400940771113,0.014648183192804497,0.013249217747966618,-1.734723475976807e-18,36904143865.144615,694045365078.5968,0.9800000000000003,1.22,0.13584037854577094,119,149,111,151,104,149,99,149
LBN,Lebanon,Middle East & North Africa,34407188866.00928,5926.182235779234,5805962.0,65488337306.8799,9356.465870231981,6999260.0,98696224892.00592,13263.452052534676,7441217.0,148494239198.70636,20645.441754336458,7192592.0,0.0192405347763968,0.016422557318027345,0.0028179774583694645,-8.239936510889834e-18,34014429028.538605,662395153625.7941,0.9800000000000003,1.22,0.21595979192409,98,91,102,90,101,92,100,91
LAO,Lao PDR,East Asia & Pacific,20848557495.028908,2683.2745389601623,7769819.0,54800182029.07815,5616.335079797111,9757285.0,97712668810.67923,9669.097396517876,10105666.0,147846366120.88757,15972.550318917341,9256278.0,0.025774854038002396,0.023471496740271065,0.002303357297731328,3.469446951953614e-18,38251437847.55457,535918462250.6596,0.9800000000000003,1.22,0.2676406915122831,114,124,109,119,103,113,101,107
HRV,Croatia,Europe & Central Asia,67985809864.24037,17543.253756585673,3875325.0,85538342362.38269,26448.39536769445,3234160.0,108840429058.61426,41472.53162767776,2624398.0,144983304465.30377,67703.68171369989,2141439.0,0.009964731437368448,0.017769356401782514,-0.007804624964414061,-4.336808689942018e-18,33156646022.95087,487215479452.8018,0.9800000000000003,1.22,0.22234134099976174,76,49,86,48,97,47,102,46
ZWE,Zimbabwe,Sub-Saharan Africa,23480548012.00185,1411.56796303665,16634373.0,55150080788.66539,2132.1139691018047,25866385.0,101718623399.34601,3054.4023505687596,33302300.000000004,144413177363.03967,3885.566238474715,37166572.0,0.023901396632385146,0.013323257974522102,0.010578138657863044,0.0,31286079432.402237,659698236279.1454,0.9800000000000003,1.22,0.12599393881202764,110,144,108,146,99,146,103,148
BGR,Bulgaria,Europe & Central Asia,64556374857.58605,9553.02542889826,6757689.0,77693991579.75879,14381.871661164072,5402217.0,103518120966.63287,24313.714848553922,4257602.0,141208597814.51776,39988.8643498659,3531198.0,0.010298675570819225,0.018838725275559846,-0.008540049704740624,3.469446951953614e-18,37578198527.987465,552594635863.5732,0.9800000000000003,1.22,0.22931402889322813,78,70,93,69,98,68,104,62
GAB,Gabon,Sub-Saharan Africa,16483798769.943192,6492.363293966641,2538952.0,40516554418.05032,9919.507179413245,4084533.0,80808483738.21628,14416.056469724335,5605450.0,133146750976.5241,19287.341904257428,6903323.0,0.027487814538567124,0.014326610691017842,0.013161203847549284,-1.734723475976807e-18,30891982701.49869,592322376937.2169,0.9800000000000003,1.22,0.14149408668967653,123,85,118,83,113,88,105,95
BFA,Burkina Faso,Sub-Saharan Africa,17407321979.44757,739.2026780259908,23548781.0,45729011484.56955,1225.8348163691528,37304383.0,86652450810.35464,1852.9929932405337,46763507.0,132458092903.52136,2656.9079136782816,49854228.0,0.026702307819759352,0.01683350189423322,0.009868805925526134,-1.734723475976807e-18,27144680379.715702,538142099211.40265,0.9800000000000003,1.22,0.14175730453468963,121,164,112,163,109,162,106,163
CYP,Cyprus,Europe & Central Asia,31251436976.266693,23008.062373105655,1358282.0,55520657468.118126,36805.64797466468,1508482.0,79458540730.9758,55756.34935227545,1425103.0,123538104197.37433,96865.81220836453,1275353.0,0.018085319554289016,0.018914236170913878,-0.0008289166166248644,3.144186300207963e-18,32280190472.774048,391353725854.8693,0.9800000000000003,1.22,0.23421709525163004,101,39,107,35,114,36,107,33
HND,Honduras,Latin America & Caribbean,27337308452.873775,2525.222468496852,10825703.0,57675926865.38624,3884.743409017285,14846779.0,89187007449.04443,5285.643372452265,16873444.0,123438442746.18051,7248.303550038882,17029977.0,0.019835397543143913,0.013874187936924567,0.005961209606219346,0.0,28106007197.63185,470244403401.1913,0.9800000000000003,1.22,0.1631325463860898,105,126,105,129,107,134,108,138
UKR,Ukraine,Europe & Central Asia,78011584717.93037,2060.515830531744,37860221.0,99029534325.93262,3095.627561834775,31990132.0,118237309874.34344,5185.153978516268,22803047.0,120248531418.38966,7912.439475243873,15197403.0,0.005693465243268079,0.01770368136258109,-0.012010216119313008,-1.734723475976807e-18,28798013679.142998,450379427199.11444,0.9800000000000003,1.22,0.21716814940777387,69,133,81,137,94,135,109,133
BLR,Belarus,Europe & Central Asia,61034323048.52695,6739.137876387475,9056696.0,78870191200.8895,10581.566304265043,7453546.0,97808890448.31967,17112.090000767992,5715777.0,119327188951.06223,27425.472562403953,4350962.0,0.008821484583041295,0.01846763462982219,-0.00964615004678089,-5.204170427930421e-18,28983982489.46464,399116479750.0533,0.9800000000000003,1.22,0.23181095241732746,80,80,92,78,102,78,110,78
CRI,Costa Rica,Latin America & Caribbean,74251204349.21399,14474.172909313027,5129910.0,103087713371.0198,19253.796283447384,5354150.0,115722080229.35248,24327.542274830797,4756834.0,117269423951.4504,31052.623148325765,3776474.0,0.00601342182318525,0.010043650048225397,-0.004030228225040147,0.0,26155375767.956783,532808233400.11774,0.9800000000000003,1.22,0.15583133142529781,71,58,80,60,95,67,111,69
SOM,Somalia,Sub-Saharan Africa,8646447378.074823,454.8571042480973,19009151.0,26359550255.588356,708.4660409873508,37206512.0,60992038696.35887,1102.0063034742045,55346361.0,106603074534.01927,1582.4926749331255,67364024.0,0.03305215558230424,0.016404910686659526,0.016647244895644713,0.0,21129296413.056305,464245948994.5061,0.9800000000000003,1.22,0.13438926335496565,144,171,134,172,123,172,112,171
MWI,Malawi,Sub-Saharan Africa,11920469531.131622,550.4646547328732,21655286.0,33443227388.095848,895.1210090855877,37361683.0,63407284254.11539,1250.4184280033978,50708853.0,104726409533.40413,1770.7842726883512,59141258.0,0.028593345724524964,0.015373882513127476,0.013219463211397485,1.734723475976807e-18,26593933178.79336,489644952015.3439,0.9800000000000003,1.22,0.14091445483271306,140,168,128,168,120,170,113,169
GIN,Guinea,Sub-Saharan Africa,14855398187.430418,1006.8190209095163,14754785.0,37106278083.98444,1585.4277984169444,23404584.0,69881542899.86223,2356.81367512163,29650856.0,101203918238.99007,3161.926129548598,32007047.0,0.025247028426078465,0.015057703947813344,0.010189324478265118,3.469446951953614e-18,22180930687.282227,456385812200.6187,0.9800000000000003,1.22,0.14175879028005464,131,155,124,155,116,155,114,157
RWA,Rwanda,Sub-Saharan Africa,14208450902.521805,996.6249871039644,14256567.0,35232793751.63872,1551.5647962158876,22707910.0,65398328931.55647,2238.583392735689,29214158.0,99546078605.64667,3036.853712872937,32779346.0,0.025615575223220693,0.014660562338193142,0.010955012885027551,0.0,21832169064.598743,395627068048.3569,0.9800000000000003,1.22,0.13881013080718588,135,156,125,158,119,158,115,159
MDG,Madagascar,Sub-Saharan Africa,14080592313.44173,440.500913357795,31964956.0,34057230151.088505,640.348331026253,53185475.0,62235362982.6197,860.0470289327295,72362744.0,98740506279.30878,1157.0093512136582,85341148.0,0.025627603192825938,0.012706332771362225,0.012921270421463717,-3.469446951953614e-18,21665376013.39755,450289434710.222,0.9800000000000003,1.22,0.12049242481698803,136,172,126,173,121,174,116,173
URY,Uruguay,Latin America & Caribbean,63216508444.3689,18666.725460660964,3386588.0,85676554029.96634,26326.746884317545,3254354.0,94119608545.13623,33284.427987870244,2827737.0,98503499494.09875,43859.5082896418,2245887.0,0.0058358762999931825,0.011240118161579929,-0.005404241861586746,0.0,22731716508.64894,422133534974.22516,0.9800000000000003,1.22,0.15176036408755114,79,47,85,50,105,56,117,59
LTU,Lithuania,Europe & Central Asia,54905206232.319824,19203.60050236606,2859110.0,70288498535.59308,31117.986365875062,2258774.0,83433527956.68307,49476.62899296995,1686322.0,97525073459.74861,80687.59051006152,1208675.0,0.007559228071362221,0.018887986877951082,-0.011328758806588863,1.734723475976807e-18,20157727558.414417,297126878460.1592,0.9800000000000003,1.22,0.23212485256611118,86,46,98,43,112,44,118,41
VEN,"Venezuela, RB",Latin America & Caribbean,41039991076.285,1444.7881202723356,28405543.0,62502900106.983154,2010.0702777039924,31094883.0,77592757455.17007,2523.871349495557,30743547.0,89650178981.61853,3170.0292063460897,28280553.0,0.010281160698351643,0.010339185788963463,-5.802509061181762e-05,-2.256495771485456e-18,18545366950.08112,365792303654.5642,0.9800000000000003,1.22,0.1304215294094663,93,141,103,149,115,151,119,156
CUB,Cuba,Latin America & Caribbean,83175936668.17276,7575.371632405919,10979783.0,80879912186.309,8620.75472256062,9381999.0,85723033305.3065,11761.691925827472,7288325.0,88322258409.57881,15836.075423401366,5577282.0,0.0007899219698236353,0.009702476071552665,-0.008912554101729028,-1.734723475976807e-18,19041763820.691483,344701647374.76337,0.9800000000000003,1.22,0.15509729248975707,67,76,91,96,110,102,120,108
GEO,Georgia,Europe & Central Asia,23501756099.31068,6172.214529964697,3807670.0,37213363753.7387,10156.446933264639,3664014.0,58083829416.016106,17415.756507320435,3335131.0,85288715420.07707,28722.512713861026,2969403.0,0.01696009219618306,0.02023188865673211,-0.0032717964605490477,-3.0357660829594124e-18,20624830907.12539,317016526047.83594,0.9800000000000003,1.22,0.23165728842661965,109,90,123,82,125,76,121,74
BWA,Botswana,Sub-Saharan Africa,18308585315.443417,7262.029311134141,2521139.0,38411799466.10695,11174.569217731547,3437430.0,61531135737.23845,15957.795156637521,3855867.0,83698694164.9367,21814.571726606428,3836825.0,0.019998069516373274,0.014472616646108669,0.005525452870264606,-8.673617379884035e-19,18548166726.16651,367020057476.9463,0.9800000000000003,1.22,0.15813981871676622,118,77,121,76,122,83,122,87
ISL,Iceland,Europe & Central Asia,23675334535.505974,60181.940170987946,393396.0,42384710413.02295,97887.74971656113,432993.0,59973127789.23922,145489.21512028668,412217.0,81193776046.88268,223932.17547170757,362582.0,0.01621585296396121,0.017289090891918223,-0.0010732379279570121,-2.3852447794681098e-18,20158110517.12541,281558862839.64417,0.9800000000000003,1.22,0.22593299791282195,108,8,116,7,124,7,123,7
MRT,Mauritania,Sub-Saharan Africa,8319741953.7029,1609.4227571510592,5169395.0,22865519610.453217,2428.4723721693745,9415598.0,46151556591.71033,3360.2031250153136,13734752.0,79508030626.46072,4644.576020581088,17118469.0,0.029700352520471308,0.013945059379044979,0.015755293141426326,3.469446951953614e-18,15584629600.017673,368974709059.7118,0.9800000000000003,1.22,0.1285493729774231,146,139,138,141,132,143,124,143
GNQ,Equatorial Guinea,Sub-Saharan Africa,9591313427.93759,5068.022372300995,1892516.0,25377971470.897552,8072.5722679880555,3143728.0,47026600235.704254,11090.78955378791,4240149.0,79208090824.07245,15831.413235842665,5003223.0,0.027779218590526986,0.014987440379347192,0.012791778211179798,-3.469446951953614e-18,15682183313.42002,364393926326.9366,0.9800000000000003,1.22,0.14248341277783147,141,98,136,101,130,106,125,109
EST,Estonia,Europe & Central Asia,28222284818.561646,20743.35216785147,1360546.0,37756870849.00643,32153.565457435518,1174267.0,52389004791.88375,53385.28090411637,981338.0,73386672111.09076,88899.3402944517,825503.0,0.012574084639535129,0.019148406629480995,-0.006574321989945865,-8.673617379884035e-19,18868142453.507355,241877343457.93402,0.9800000000000003,1.22,0.23267929217810382,103,44,122,41,126,40,126,36
TGO,Togo,Sub-Saharan Africa,8428949720.756145,885.8371690156865,9515236.0,20756291256.934765,1331.8310505888992,15584778.0,43149801367.109375,2002.8732598761776,21543950.0,73304657090.92201,2787.1694131248864,26300754.0,0.028459894283844912,0.015082219223436505,0.013377675060408411,-3.469446951953614e-18,16653737864.959015,331747437135.901,0.9800000000000003,1.22,0.1365976460793127,145,159,141,161,133,160,127,161
MAC,"Macao SAR, China",East Asia & Pacific,41386039513.7747,57459.70148886752,720262.0,57013178904.43211,85239.33095779702,668860.0,67295582101.93683,133504.96778596702,504068.0,66661567799.96814,201292.298168809,331168.0,0.006272170760571386,0.016495713329278267,-0.010223542568706877,-3.469446951953614e-18,17330577354.62175,188989194229.6093,0.9800000000000003,1.22,0.24723495307865215,92,11,106,11,118,10,128,13
NAM,Namibia,Sub-Saharan Africa,11945908887.613407,3942.3737414697275,3030131.0,27206424865.55523,6029.3905183974275,4512301.0,46505344202.066536,8444.418091578638,5507229.0,63959701773.49643,10844.406419168516,5897944.0,0.022077162605145022,0.013314031517067466,0.008763131088077558,-1.734723475976807e-18,14054128179.704317,318599746794.09845,0.9800000000000003,1.22,0.13330179611557733,139,110,131,117,131,119,129,124
LVA,Latvia,Europe & Central Asia,31272257455.66175,16706.41697833972,1871871.0,38502476138.64427,25434.153651147946,1513810.0,50269819020.56464,42581.117040948695,1180566.0,62057119460.52283,67061.88054361205,925371.0,0.00901741949085426,0.018287143256968952,-0.009269723766114691,0.0,15577111056.717602,205726155002.43674,0.9800000000000003,1.22,0.22838430417492725,100,53,120,51,127,46,130,47
GUY,Guyana,Latin America & Caribbean,19382782995.657814,23322.206935805534,831087.0,33745340508.044785,35876.13159166877,940607.0,48204556285.16829,50525.707277496476,954060.0,61082442656.52328,68712.86937486308,888952.0,0.015103148329907496,0.0142175067734723,0.0008856415564351946,1.4094628242311558e-18,12588378043.824831,231173793239.2866,0.9800000000000003,1.22,0.1532339280968417,116,37,127,37,129,41,131,45
BRN,Brunei Darussalam,East Asia & Pacific,13460545148.387642,29089.98110824372,462721.0,23591224786.570007,45406.94712659586,519551.00000000006,35955064074.14597,71414.08590757792,503473.0,53634886315.21597,115391.98356995385,464806.0,0.01818995915373577,0.01813080344886498,5.9155704870787096e-05,1.3484764520288461e-18,11851682060.32645,168668957535.9499,0.9800000000000003,1.22,0.2288663805235051,137,32,137,29,137,29,132,30
PRI,Puerto Rico,Latin America & Caribbean,97685034896.82481,30129.20682869579,3242204.0,91851103547.13316,36681.83851364387,2503994.0,67936768893.60803,40882.763607439425,1661746.0,53325157181.613686,53559.47990620333,995625.0,-0.007965002122538927,0.007569707663942416,-0.015534709786481343,0.0,11303023646.863894,237118532271.40665,0.9800000000000003,1.22,0.15701400809364527,64,30,83,36,117,48,133,54
SLE,Sierra Leone,Sub-Saharan Africa,9546574083.420938,1104.6690327125918,8642022.0,22427717196.57379,1732.094089125334,12948325.0,38292461891.75178,2469.228478049801,15507865.0,51691555650.48472,3244.052037979352,15934256.0,0.0222251589357373,0.014174702700356017,0.008050456235381283,-1.734723475976807e-18,11457044689.030571,264071244098.0927,0.9800000000000003,1.22,0.1291839675155158,142,153,139,153,135,152,134,154
MLT,Malta,Middle East & North Africa,18896653230.781654,35019.28853921772,539607.0,30802975090.813904,57498.166192503006,535721.0,40786228611.256714,88647.21408414052,460096.0,51416929822.62532,142851.78817839292,359932.0,0.013170824520544636,0.0184987978376791,-0.005327973317134469,4.336808689942018e-18,13485799023.322794,154739799308.57068,0.9800000000000003,1.22,0.23320109036196607,117,27,129,26,134,26,135,26
SLV,El Salvador,Latin America & Caribbean,28731074808.489555,4533.007248042077,6338193.0,44698227247.693085,6708.075379500492,6663346.0,50091612773.80957,8110.818611536935,6175901.0,49773459627.26857,9811.009688564684,5073225.0,0.007230297628910409,0.010159468707809987,-0.00292917107889958,1.734723475976807e-18,11848516811.487616,186095337014.1021,0.9800000000000003,1.22,0.14176745214826883,102,103,113,112,128,122,136,128
HTI,Haiti,Latin America & Caribbean,14387964510.412056,1222.1613800988227,11772557.0,26708270701.26052,1815.5476342080105,14710862.0,38112583062.23442,2423.859069190185,15723927.0,48904987998.542,3227.8191414006897,15151093.0,0.016098517580510802,0.012778760611413498,0.003319756969097304,4.336808689942018e-19,9833595557.926622,204762602080.5384,0.9800000000000003,1.22,0.13576454924310016,133,150,133,152,136,153,137,155
NIC,Nicaragua,Latin America & Caribbean,15512132423.7641,2242.888724601309,6916140.0,27639998098.336517,3156.537321526754,8756430.0,35930434755.7218,3896.1786416654018,9221968.0,42763357909.93103,4965.715092745798,8611722.0,0.013342883651862092,0.010457798284609894,0.0028850853672521956,2.6020852139652106e-18,9193531069.785416,173179569449.22952,0.9800000000000003,1.22,0.14068247454827798,127,130,130,135,138,141,138,142
BIH,Bosnia and Herzegovina,Europe & Central Asia,21194630274.429985,6698.1465370910555,3164253.0,25481544775.346893,10378.741965555457,2455167.0,29722562862.846626,16493.79613874605,1802045.0,40566620129.0161,29687.360363022508,1366461.0,0.008542075045820741,0.019590664820414005,-0.01104858977459326,-3.469446951953614e-18,9374931251.823011,140077821432.22986,0.9800000000000003,1.22,0.25295478621224016,113,81,135,79,139,82,139,71
ARM,Armenia,Europe & Central Asia,15769614476.317745,5302.778386301127,2973840.0,21613385445.83255,8661.96088975085,2495207.0,25250922460.387985,12292.793648478857,2054124.0,33991429470.945457,20087.14669970385,1692198.0,0.010105571900404463,0.01752433205014181,-0.007418760149737347,-8.673617379884035e-19,8521274570.858571,118995193392.51582,0.9800000000000003,1.22,0.23382689135977755,126,97,140,95,141,99,140,93
BDI,Burundi,Sub-Saharan Africa,3673376639.965444,261.49150050872385,14047786.0,9913011629.45779,410.78761188418355,24131720.0,19647517276.66243,599.7342178286008,32760374.0,31369922462.079765,828.2714993047537,37873961.0,0.02822024007929022,0.015170252871152213,0.01304998720813801,-1.734723475976807e-18,7653387585.852419,139625343544.8168,0.9800000000000003,1.22,0.13025883567982657,154,175,149,175,142,175,141,175
TTO,Trinidad and Tobago,Latin America & Caribbean,22111157399.05959,14664.691181523316,1507782.0,27202015799.394466,19432.78739776716,1399800.0,29316822446.886303,25835.899971875566,1134732.0,30827966320.113297,34316.017966297615,898355.0,0.004372893876245239,0.011186442069153164,-0.006813548192907926,8.673617379884035e-19,7448955486.994875,126793014366.6816,0.9800000000000003,1.22,0.15368541859320903,111,56,132,59,140,64,142,64
MDV,Maldives,South Asia,6184430224.459255,11717.396631026688,527799.0,12539527719.748104,21254.805766724134,589962.0,18068494458.336845,32438.133437107226,557014.0,27411152095.689873,57717.53098041955,474919.0,0.019590987657042213,0.020980083265368207,-0.001389095608325991,-2.6020852139652106e-18,5912934862.075955,87168632874.4978,0.9800000000000003,1.22,0.27916252425167454,147,63,146,58,144,58,143,53
FJI,Fiji,East Asia & Pacific,5457186051.989151,5875.624528403968,928784.0,10701888212.963982,10699.0957489735,1000261.0,17811546349.17394,18354.225741678136,970433.0,25931494484.804962,29488.483875294627,879377.0,0.02050690725572079,0.021226150696481434,-0.0007192434407606443,-3.2526065174565133e-19,5846054375.039063,91179861470.53476,0.9800000000000003,1.22,0.24281286692025247,150,92,147,77,145,71,144,72
LBR,Liberia,Sub-Saharan Africa,3633057199.645507,647.2787549719699,5612817.0,8495361819.176823,953.407016100818,8910530.0,15021716763.322659,1307.1867355482882,11491638.0,21642855539.12069,1708.8180462686469,12665395.0,0.02348159084490534,0.012773423229916847,0.010708167614988493,0.0,4509825031.04511,88282020400.80402,0.9800000000000003,1.22,0.11685029537959782,155,166,152,167,147,169,145,170
ALB,Albania,Europe & Central Asia,15309497321.678831,5483.80587967785,2791765.0,18505336062.683624,8260.698565500781,2240166.0,19312464458.766495,11397.953504388917,1694380.0,21189947540.05993,17881.857540618188,1184997.0,0.004277020010340267,0.015552464344089622,-0.011275444333749354,0.0,5384575821.140075,77523906137.69873,0.9800000000000003,1.22,0.22967943715997902,128,96,143,98,143,105,146,98
CAF,Central African Republic,Sub-Saharan Africa,2073196446.8181171,388.91709081153044,5330690.0,6400396094.466846,602.858152060884,10616753.0,13501227699.936766,860.0777388571782,15697683.0,20532209157.2305,1093.3514163623975,18779149.0,0.030169779448263226,0.01360048375246861,0.016569295695794618,-3.469446951953614e-18,4462977000.532785,90080721829.27538,0.9800000000000003,1.22,0.11951844347139051,162,173,156,174,151,173,147,174
SLB,Solomon Islands,East Asia & Pacific,1472940799.6263876,1798.0278267603042,819198.0,4527886998.042152,3458.752127813669,1309110.0,10622339409.761423,6385.977635821787,1663385.0,20343083996.893913,11000.96527590657,1849209.0,0.034545790198186134,0.02383279748508464,0.010712992713101499,-3.469446951953614e-18,4549059767.419912,78855551318.7413,0.9800000000000003,1.22,0.24470062504435902,167,137,161,134,155,130,148,123
MKD,North Macedonia,Europe & Central Asia,12010491274.19065,6588.278650401973,1823009.0,14967915940.293163,9894.912857306439,1512688.0,17512283349.805157,15117.21726660511,1158433.0,19903322319.699768,23063.026082013923,862997.0,0.0066461332611985,0.016486034534250012,-0.009839901273051512,-1.734723475976807e-18,4805791402.013295,75441621034.27333,0.9800000000000003,1.22,0.22538050050246866,138,83,145,84,146,85,149,84
TLS,Timor-Leste,East Asia & Pacific,1818739211.6390243,1298.5076883813122,1400638.0,5682417089.638678,3007.7650376624138,1889249.0,11912931600.634983,5693.949122977189,2092209.0,19841867973.631336,10057.086828297155,1972924.0,0.031442772751924336,0.026935024604850893,0.004507748147073438,4.336808689942018e-18,4349432691.724781,78702778989.11278,0.9800000000000003,1.22,0.26719483494161944,164,148,158,138,153,132,150,127
SWZ,Eswatini,Sub-Saharan Africa,4732799140.96365,3808.106986329217,1242822.0,9473136400.097721,6293.0587359841265,1505331.0,13937680743.757298,9207.86666571355,1513671.0,16064826200.413933,11980.817210511861,1340879.0,0.016080465288922402,0.015081244647944633,0.0009992206409777677,1.734723475976807e-18,3705464832.183938,65314390648.85119,0.9800000000000003,1.22,0.1494153958755688,152,114,151,115,150,115,151,122
MDA,Moldova,Europe & Central Asia,9452205605.642372,3114.440549859577,3034961.0,10638825007.12927,4523.677308458838,2351809.0,11905787183.106968,6471.338395794135,1839772.0,15458951067.412727,10391.028336235577,1487721.0,0.006472895802633205,0.015853858375211482,-0.009380962572578273,-3.469446951953614e-18,3834223384.614801,60992153178.512634,0.9800000000000003,1.22,0.22188551017263097,143,119,148,125,154,128,152,126
PYF,French Polynesia,East Asia & Pacific,5951648989.577259,21119.59245007136,281807.0,9834772450.738674,34538.27023964416,284750.0,12910163429.704353,53597.832157895115,240871.0,15358430122.957539,82190.85706082819,186863.0,0.012473634140698787,0.01787951192269911,-0.0054058777820003255,3.469446951953614e-18,3421941483.8668923,51477828275.38531,0.9800000000000003,1.22,0.2365195072677651,149,42,150,39,152,39,153,40
VUT,Vanuatu,East Asia & Pacific,897828707.3036368,2739.144928727875,327777.0,2803884354.6181483,5246.907405514623,534388.0,6906824480.732055,9478.373582197242,728693.0,14236690293.968754,16261.601128032487,875479.0,0.036363137286486436,0.023436325891338945,0.012926811395147491,0.0,3431855417.42845,55141645535.555855,0.9800000000000003,1.22,0.24743234194055735,171,123,166,120,162,114,154,106
BTN,Bhutan,South Asia,2815548785.9354963,3557.1237081067616,791524.0,6178709235.628466,7002.639839096568,882340.0,9598319821.668716,11622.183635605848,825862.0,13948774090.81317,20202.965810989597,690432.0,0.02105571621606634,0.022853646642346504,-0.0017979304262801677,4.119968255444917e-18,3025642065.790047,49156550062.772896,0.9800000000000003,1.22,0.2849517162713122,157,116,157,109,157,104,155,92
MUS,Mauritius,Sub-Saharan Africa,14383372119.024313,11315.07464312323,1271169.0,15896318970.447983,14357.263405200685,1107197.0,14211334963.415607,16924.68325877995,839681.0,13094721410.63395,22510.505832113864,581716.0,-0.0012350476602627457,0.009050608555435827,-0.010285656215698573,0.0,3047197542.3426304,56177296794.34068,0.9800000000000003,1.22,0.15153976355035606,134,66,144,70,149,79,156,85
SUR,Suriname,Latin America & Caribbean,4584658683.802039,7226.410253915775,634431.0,7540082827.743492,10273.936138437033,733904.0,10081058244.282974,13404.593043484529,752060.0,12397728260.548115,17486.094259628797,709005.0,0.013089441973865818,0.011627151914690792,0.001462290059175028,-2.168404344971009e-18,3036929930.7923117,51779449188.41945,0.9800000000000003,1.22,0.1432969078191338,153,78,153,81,156,91,157,101
GNB,Guinea-Bissau,Sub-Saharan Africa,1700675844.913609,772.5597019075591,2201352.0,4161478508.8240733,1210.221842333896,3438608.0,7546385142.544718,1750.656901876981,4310602.0,11381691956.243202,2439.5522428633776,4665484.0,0.02501289957645237,0.015129743481792015,0.009883156094660355,0.0,2287973044.8650055,49991553885.68036,0.9800000000000003,1.22,0.13647037451966695,165,163,162,164,160,164,158,165
WSM,Samoa,East Asia & Pacific,1041329716.9018617,4776.3255353976565,218019.0,2504261754.9364624,9182.335952334806,272726.0,5577553404.31047,16617.963032083964,335634.0,10688026060.461716,27865.54817266199,383557.0,0.030639810324542847,0.023206836300355096,0.007432974024187753,-1.734723475976807e-18,2587892058.2028985,37258130748.57754,0.9800000000000003,1.22,0.24532214597427449,170,100,169,91,164,80,159,76
JAM,Jamaica,Latin America & Caribbean,17648717546.1338,6216.142909871283,2839175.0,19572275737.29119,7972.608592181964,2454940.0,14451848143.483854,8437.345479698872,1712843.0,10313162746.327658,9667.617270694316,1066774.0,-0.007068975059965073,0.005810950939230989,-0.01287992599919606,-1.734723475976807e-18,2416311732.2319593,41387516893.79381,0.9800000000000003,1.22,0.1379211246016211,120,87,142,103,148,120,160,130
BRB,Barbados,Latin America & Caribbean,6036214494.17416,21369.62722786789,282467.0,7365851968.241938,27878.14503376759,264216.0,8903581896.996735,38629.432015674356,230487.0,10201511898.183971,52396.593176016046,194698.0,0.006904721822759619,0.011800933526603908,-0.0048962117038442885,0.0,2294778297.09952,41405915703.814156,0.9800000000000003,1.22,0.14581154758952722,148,41,154,47,158,51,161,56
MNE,Montenegro,Europe & Central Asia,5280470210.587437,8270.389802307416,638479.0,6895938407.245906,12930.813915836274,533295.0,8003266548.153423,18927.366428878522,422841.0,9773907372.77549,29979.93151473242,326015.0,0.008101331225186206,0.016945349551089374,-0.008844018325903168,0.0,2371889419.831451,33763430895.726494,0.9800000000000003,1.22,0.22837890589472845,151,73,155,73,159,69,162,70
LSO,Lesotho,Sub-Saharan Africa,2284771778.2242956,977.4746711332505,2337423.0,4701299531.62711,1570.7245525681797,2993077.0,7207115558.089104,2185.5393902024703,3297637.0,9165382721.006489,2812.0717740245645,3259299.0,0.018278519714153542,0.013904005225736473,0.004374514488417071,-2.6020852139652106e-18,2242512576.6103926,41878022677.32852,0.9800000000000003,1.22,0.14435956176252018,160,157,160,156,161,159,163,160
COM,Comoros,Sub-Saharan Africa,1191914524.3069913,1375.3473512360451,866628.0,2758902267.6792746,2109.9654987994986,1307558.0,4962990904.575266,2949.8085293042386,1682479.0,7728532671.94528,4044.1628311925797,1911034.0,0.02459681794458016,0.014191687459678488,0.010405130484901673,0.0,1812376233.466438,33040803980.385445,0.9800000000000003,1.22,0.13492812339035828,168,145,167,147,165,148,164,147
BLZ,Belize,Latin America & Caribbean,2574881484.582918,6173.709778126842,417072.0,4908825821.899919,9501.682687702963,516627.0,6849398631.121334,13257.045976222966,516661.0,7684973781.131012,17178.000865342816,447373.0,0.014387677074195467,0.013464863524343559,0.0009228135498519075,1.0842021724855044e-18,1608539588.018152,35777848314.201195,0.9800000000000003,1.22,0.15652818057641513,159,89,159,87,163,93,165,103
ABW,Aruba,Latin America & Caribbean,3424713090.9835625,31690.93971261602,108066.0,4148310681.893007,41482.2771733866,100002.0,4676458628.346065,53699.31594453833,87086.0,5525249937.027134,73504.36931483902,75169.0,0.0062935629566070565,0.011069921373206342,-0.0047763584165992886,2.6020852139652106e-18,1196770348.8046334,22884123199.06879,0.9800000000000003,1.22,0.14678350331535125,156,29,163,30,166,38,166,43
SYC,Seychelles,Sub-Saharan Africa,1974040414.13393,15136.257373475517,130418.0,2697650960.351466,19031.58438581312,141746.0,3645541390.1138024,28184.851172948125,129344.0,4288417722.8134613,36980.913936457844,115963.0,0.010208360811897065,0.011754064786467611,-0.0015457039745705495,3.0357660829594124e-18,835828417.1996181,18837238814.366257,0.9800000000000003,1.22,0.14775800977614292,163,55,168,64,169,61,167,63
CPV,Cabo Verde,Sub-Saharan Africa,2210328342.6978364,4211.135833152979,524877.0,3585201166.707074,6332.778400002604,566134.0,4107079165.71446,7913.828538396762,518975.0,4042945488.305946,9696.708131400072,416940.0,0.007945163575470489,0.010974395455389726,-0.0030292318799192337,-3.0357660829594124e-18,1004837943.7075771,15690035897.463327,0.9800000000000003,1.22,0.15178001803123534,161,107,164,114,167,123,168,129
CUW,Curacao,Latin America & Caribbean,2717273925.519433,14649.798500767907,185482.0,3338936995.3301444,19244.815475280087,173498.0,3964344880.847131,26429.84686720978,149995.0,3974062556.132016,32992.366846530764,120454.0,0.005002101853764645,0.010682232182567832,-0.005680130328803184,-3.469446951953614e-18,733250574.3857752,18099565773.281624,0.9800000000000003,1.22,0.13755642509140611,158,57,165,61,168,62,169,65
TON,Tonga,East Asia & Pacific,502090197.1566224,4819.680318278113,104175.0,997262896.0638822,9480.135900602521,105195.0,1938195742.2622087,17151.415798081576,113005.0,3437546746.737647,29163.634369248135,117871.0,0.02531228370750672,0.02368703859149437,0.0016252451160123499,0.0,886296064.1726846,13495274042.200178,0.9800000000000003,1.22,0.2515680863981547,172,99,172,88,171,77,170,73
ATG,Antigua and Barbuda,Latin America & Caribbean,1685847931.8429508,17978.159064997555,93772.0,2330354645.1782484,24515.855506583015,95055.0,2694464888.63282,32472.822124865263,82976.0,2873814297.2468243,42277.51816471974,67975.0,0.007018046183646182,0.01125128715034009,-0.004233240966693909,8.673617379884035e-19,604042472.0930866,12823357581.280369,0.9800000000000003,1.22,0.1551426589548684,166,48,170,53,170,57,171,61
KIR,Kiribati,East Asia & Pacific,267406990.45186764,1987.8900255123303,134518.0,710969493.474413,3893.142045407774,182621.0,1538766662.6050332,7236.963789024076,212626.0,2798947998.1562643,12571.349000230251,222645.0,0.030897725052516468,0.02426771774118801,0.006630007311328459,-2.6020852139652106e-18,721001773.8510131,10148177324.392155,0.9800000000000003,1.22,0.24337204568269255,175,134,175,128,173,125,172,119
FSM,"Micronesia, Fed. Sts.",East Asia & Pacific,337481850.6844622,2982.3422647972975,113160.0,786472649.6939921,6221.699969099995,126408.0,1389308740.8197908,10436.513978514055,133120.0,2238379726.262359,17467.963089871853,128142.0,0.024894681756685934,0.023258678104257847,0.001636003652428086,1.734723475976807e-18,548929172.1033021,7857633651.384425,0.9800000000000003,1.22,0.24608120392148528,173,120,173,116,175,110,173,102
STP,Sao Tome and Principe,Sub-Saharan Africa,323040651.65316665,1371.5128543117257,235536.0,764972023.6185594,2095.153646436217,365115.0,1441087843.838104,3050.5734428694896,472399.0,2188071057.224785,4097.403920542879,534014.0,0.025171019303677634,0.014400515516449526,0.01077050378722811,-1.734723475976807e-18,481132015.5126296,9189691913.297663,0.9800000000000003,1.22,0.1330084249103027,174,146,174,148,174,147,174,146
GRD,Grenada,Latin America & Caribbean,1167591728.4903069,9961.791774299376,117207.0,1597399357.695422,14105.943481675882,113243.0,1741222860.8038273,18078.606026162626,96314.0,1606148986.2213578,21737.910406720504,73887.0,0.004196001367811194,0.010267115884109713,-0.00607111451629852,1.734723475976807e-18,370310647.611484,6843148271.214725,0.9800000000000003,1.22,0.1555095932436191,169,69,171,71,172,74,175,88
